"case_date","category","danger category description","driver name","driver name A","crime ADSC","Traffic No","وجود البلاغات الجنائية"
"2024-01-16 04:38:22","غير مقلقة","medium","Juma Al Nuaimi","جمعة النعيمي","القيادة برخصة منتهية","    23946695","بلاغ جنائي"
"","","medium","Sunita Iyer","سونيتا آير","","    14579968","بدون البلاغات الجنائية"
"","","low","Rajesh Menon","راجيش مينون","","    41431810","بدون البلاغات الجنائية"
"","","medium","Salem Al Muhairi","سالم المهيري","","    59610978","بدون البلاغات الجنائية"
"","","low","Ali Haddad","علي حداد","","     6698738","بدون البلاغات الجنائية"
"2023-12-27 12:27:15","مقلقة","highly dangerous","Ibrahim Al Mazrouei","إبراهيم المزروعي","انتحال صفة","    29571106","بلاغ جنائي"
"2024-06-08 16:29:05","غير مقلقة","highly dangerous","Ibrahim Al Mazrouei","إبراهيم المزروعي","التلاعب في عداد المسافات","    29571106","بلاغ جنائي"
"","","highly dangerous","Sunil Silva","سونيل سيلفا","","    76833770","بدون البلاغات الجنائية"
"","","dangerous","Salem Abdelrahman","سالم عبدالرحمن","","    67875686","بدون البلاغات الجنائية"
"","","low","Ravi Verma","رافي فيرما","","    47083493","بدون البلاغات الجنائية"
"2023-06-10 15:13:43","غير مقلقة","highly dangerous","Prakash Limbu","براكاش ليمبو","السب والقذف","     4470876","بلاغ جنائي"
"2020-10-06 00:10:54","مقلقة","highly dangerous","Prakash Limbu","براكاش ليمبو","عرقلة سير العدالة","     4470876","بلاغ جنائي"
"2023-04-28 12:15:06","غير مقلقة","highly dangerous","Prakash Limbu","براكاش ليمبو","مخالفة اشتراطات النقل","     4470876","بلاغ جنائي"
"","","dangerous","Hassan Hassan","حسن حسن","","     5826620","بدون البلاغات الجنائية"
"2025-05-27 06:01:23","غير مقلقة","medium","Muhammad Raza","محمد رضا","إتلاف ممتلكات عامة","    67676139","بلاغ جنائي"
"2025-04-07 12:13:01","مقلقة","medium","Muhammad Raza","محمد رضا","الرشوة","    67676139","بلاغ جنائي"
"2025-02-08 11:16:01","غير مقلقة","medium","Muhammad Raza","محمد رضا","مخالفة قيود الإقامة","    67676139","بلاغ جنائي"
"2023-03-24 14:57:49","مقلقة","highly dangerous","Omar Awad","عمر عوض","التحرش","    80469656","بلاغ جنائي"
"2020-09-16 16:16:01","مقلقة","highly dangerous","Omar Awad","عمر عوض","الدخول للبلاد بطريقة غير مشروعة","    80469656","بلاغ جنائي"
"2019-10-01 23:23:13","غير مقلقة","highly dangerous","Zayed Mansour","زايد منصور","القيادة بدون رخصة قيادة","    72485143","بلاغ جنائي"
"2022-10-18 05:29:48","مقلقة","highly dangerous","Zayed Mansour","زايد منصور","الاعتداء بالضرب المفضي إلى إصابة","    72485143","بلاغ جنائي"
"2025-02-16 04:17:45","مقلقة","highly dangerous","Zayed Mansour","زايد منصور","الاعتداء بالضرب المفضي إلى إصابة","    72485143","بلاغ جنائي"
"2026-02-23 19:24:18","غير مقلقة","highly dangerous","Zayed Mansour","زايد منصور","التعدي على الأملاك الخاصة","    72485143","بلاغ جنائي"
"2024-09-22 08:17:22","مقلقة","highly dangerous","Zayed Mansour","زايد منصور","السرقة","    72485143","بلاغ جنائي"
"2025-05-03 10:44:52","غير مقلقة","highly dangerous","Zayed Mansour","زايد منصور","إصدار شيك بدون رصيد","    72485143","بلاغ جنائي"
"","","low","Youssef Al Nuaimi","يوسف النعيمي","","     2840077","بدون البلاغات الجنائية"
"","","low","Mohan Pillai","موهان بيلاي","","       52586","بدون البلاغات الجنائية"
"","","highly dangerous","Ahmed Al Rumaithi","أحمد الرميثي","","    13544411","بدون البلاغات الجنائية"
"2025-03-09 21:10:48","غير مقلقة","dangerous","Ramon Santos","رامون سانتوس","التلاعب في عداد المسافات","      230180","بلاغ جنائي"
"2026-01-17 08:48:45","مقلقة","dangerous","Ramon Santos","رامون سانتوس","الاعتداء بالضرب المفضي إلى إصابة","      230180","بلاغ جنائي"
"","","dangerous","Omar Al Balushi","عمر البلوشي","","      353085","بدون البلاغات الجنائية"
"","","low","Rapid Delivery Services","الخدمات السريعة للتوصيل","","      536828","بدون البلاغات الجنائية"
"","","medium","Mahmoud Hassan","محمود حسن","","     9355000","بدون البلاغات الجنائية"
"2022-08-09 06:39:54","غير مقلقة","highly dangerous","Deepa Shah","ديبا شاه","مخالفة الأنظمة الجمركية","    90922093","بلاغ جنائي"
"2021-12-02 02:54:55","غير مقلقة","medium","Al Futtaim Logistics","الفطيم للخدمات اللوجستية","مخالفة قيود الإقامة","     8213006","بلاغ جنائي"
"2025-09-04 16:40:36","غير مقلقة","medium","Al Futtaim Logistics","الفطيم للخدمات اللوجستية","القيادة بدون تأمين ساري","     8213006","بلاغ جنائي"
"2023-02-24 22:07:28","غير مقلقة","low","Majid Saleh","ماجد صالح","القيادة بلا لوحات","    79338657","بلاغ جنائي"
"2025-09-02 07:55:01","غير مقلقة","low","Majid Saleh","ماجد صالح","إثارة الشغب","    79338657","بلاغ جنائي"
"","","medium","Anne Mendoza","آن ميندوزا","","    43334679","بدون البلاغات الجنائية"
"","","low","Angelo Santos","أنجيلو سانتوس","","    30782867","بدون البلاغات الجنائية"
"","","dangerous","Faruk Ali","فاروق علي","","      608688","بدون البلاغات الجنائية"
"2022-07-04 11:03:44","مقلقة","highly dangerous","Layla Darwish","ليلى درويش","السرقة","     7419135","بلاغ جنائي"
"2021-06-24 07:09:15","مقلقة","highly dangerous","Layla Darwish","ليلى درويش","الاعتداء بالضرب المفضي إلى إصابة","     7419135","بلاغ جنائي"
"","","low","Bilal Qureshi","بلال قريشي","","      400492","بدون البلاغات الجنائية"
"","","medium","Neha Verma","نيها فيرما","","    96803721","بدون البلاغات الجنائية"
"","","medium","Rajesh Pillai","راجيش بيلاي","","    55360987","بدون البلاغات الجنائية"
"2019-06-04 18:47:22","غير مقلقة","dangerous","Hamdan Haddad","حمدان حداد","إلحاق الضرر العمدي بالممتلكات","    79855314","بلاغ جنائي"
"2020-06-05 09:26:15","غير مقلقة","medium","Zeeshan Raza","زيشان رضا","مخالفة الأنظمة الجمركية","    30970460","بلاغ جنائي"
"2026-05-19 10:34:33","غير مقلقة","medium","Zeeshan Raza","زيشان رضا","التهديد","    30970460","بلاغ جنائي"
"","","low","Shahin Ali","شاهين علي","","    97946559","بدون البلاغات الجنائية"
"","","medium","Mohammed Fahmy","محمد فهمي","","    15580789","بدون البلاغات الجنائية"
"2024-02-26 00:29:29","مقلقة","dangerous","Deepak Nair","ديباك ناير","الهروب من مسرح الحادث","    69444315","بلاغ جنائي"
"2022-02-06 09:30:51","غير مقلقة","low","Rekha Sharma","ريخا شارما","مخالفة اشتراطات النقل","    32798764","بلاغ جنائي"
"2025-01-29 04:52:19","غير مقلقة","low","Rekha Sharma","ريخا شارما","خيانة الأمانة","    32798764","بلاغ جنائي"
"","","medium","Fahad Al Ali","فهد العلي","","      353956","بدون البلاغات الجنائية"
"","","dangerous","Nazrul Chowdhury","نذرول شودري","","    78769289","بدون البلاغات الجنائية"
"","","low","Chaminda Perera","تشاميندا بيريرا","","      580488","بدون البلاغات الجنائية"
"","","dangerous","Rapid Delivery Services","الخدمات السريعة للتوصيل","","    94653342","بدون البلاغات الجنائية"
"2023-02-15 06:35:05","مقلقة","highly dangerous","Rajesh Pillai","راجيش بيلاي","قيادة مركبة مسروقة","    64482523","بلاغ جنائي"
"","","low","Prakash Tamang","براكاش تامانغ","","    26303699","بدون البلاغات الجنائية"
"","","medium","Anil Patel","أنيل باتيل","","     6503524","بدون البلاغات الجنائية"
"","","medium","Green Line Buses","الخط الأخضر للباصات","","    98390699","بدون البلاغات الجنائية"
"","","low","Abdul Ali","عبدال علي","","    24084605","بدون البلاغات الجنائية"
"","","low","Ram Shrestha","رام شريستا","","    72522665","بدون البلاغات الجنائية"
"","","low","Adnan Iqbal","عدنان إقبال","","      482552","بدون البلاغات الجنائية"
"2020-09-01 19:52:03","غير مقلقة","dangerous","Zayed Mansour","زايد منصور","الامتناع عن دفع الغرامات المستحقة","    47508530","بلاغ جنائي"
"","","dangerous","Usman Sheikh","عثمان شيخ","","       75555","بدون البلاغات الجنائية"
"2025-05-10 21:33:50","مقلقة","highly dangerous","Rey Mendoza","ري ميندوزا","القيادة بسرعة جنونية","    89531915","بلاغ جنائي"
"","","medium","Ibrahim Al Dhaheri","إبراهيم الظاهري","","    59311414","بدون البلاغات الجنائية"
"","","medium","Rajesh Iyer","راجيش آير","","      268825","بدون البلاغات الجنائية"
"","","low","Saeed Al Falasi","سعيد الفلاسي","","    22613888","بدون البلاغات الجنائية"
"","","medium","Abdul Chowdhury","عبدال شودري","","    77473404","بدون البلاغات الجنائية"
"","","low","Sultan Al Ketbi","سلطان الكتبي","","    12946556","بدون البلاغات الجنائية"
"2022-06-06 01:29:06","مقلقة","highly dangerous","Omar Ali","عمر علي","الاعتداء على موظف عام أثناء تأدية عمله","       53244","بلاغ جنائي"
"2026-01-28 11:17:14","مقلقة","highly dangerous","Omar Ali","عمر علي","القيادة تحت تأثير الكحول","       53244","بلاغ جنائي"
"2019-11-30 23:17:53","غير مقلقة","highly dangerous","Mansoor Al Rumaithi","منصور الرميثي","إثارة الشغب","     9728369","بلاغ جنائي"
"2019-02-06 23:45:44","مقلقة","medium","Hassan Abdelrahman","حسن عبدالرحمن","التسبب في حادث جسيم","      778409","بلاغ جنائي"
"2020-03-19 22:51:29","غير مقلقة","medium","Hassan Abdelrahman","حسن عبدالرحمن","الامتناع عن دفع الغرامات المستحقة","      778409","بلاغ جنائي"
"2019-08-05 01:06:01","غير مقلقة","medium","Hassan Abdelrahman","حسن عبدالرحمن","القيادة بدون رخصة قيادة","      778409","بلاغ جنائي"
"2020-12-19 11:35:16","مقلقة","dangerous","Asif Iqbal","آصف إقبال","مقاومة رجال السلطة","    41397324","بلاغ جنائي"
"2024-02-20 23:39:26","مقلقة","dangerous","Asif Iqbal","آصف إقبال","تعاطي مواد مخدرة","    41397324","بلاغ جنائي"
"","","dangerous","Rahman Hossain","رحمن حسين","","      333625","بدون البلاغات الجنائية"
"2024-04-25 01:45:46","مقلقة","dangerous","Obaid Ali","عبيد علي","غسل الأموال","    37947730","بلاغ جنائي"
"2021-09-11 03:28:08","غير مقلقة","dangerous","Obaid Ali","عبيد علي","إلحاق الضرر العمدي بالممتلكات","    37947730","بلاغ جنائي"
"2025-11-17 10:40:08","مقلقة","highly dangerous","Ali Al Falasi","علي الفلاسي","التفحيط وتعريض الأرواح للخطر","    87410596","بلاغ جنائي"
"","","medium","Salem Mansour","سالم منصور","","    56286088","بدون البلاغات الجنائية"
"2021-03-08 12:09:46","غير مقلقة","medium","Neha Verma","نيها فيرما","القيادة برخصة منتهية","    74635157","بلاغ جنائي"
"2023-02-06 08:12:15","غير مقلقة","medium","Neha Verma","نيها فيرما","القيادة برخصة منتهية","    74635157","بلاغ جنائي"
"2023-10-04 16:33:32","غير مقلقة","medium","Neha Verma","نيها فيرما","مخالفة الأنظمة الجمركية","    74635157","بلاغ جنائي"
"","","highly dangerous","Ramesh Sharma","راميش شارما","","    32201889","بدون البلاغات الجنائية"
"2026-05-27 10:30:06","غير مقلقة","highly dangerous","Khalid Al Mazrouei","خالد المزروعي","القيادة بدون رخصة قيادة","    77374628","بلاغ جنائي"
"2022-02-11 04:44:22","مقلقة","highly dangerous","Khalid Al Mazrouei","خالد المزروعي","قيادة مركبة مسروقة","    77374628","بلاغ جنائي"
"2020-10-05 11:53:34","مقلقة","highly dangerous","Khalid Al Mazrouei","خالد المزروعي","انتحال صفة","    77374628","بلاغ جنائي"
"2021-07-24 05:16:16","مقلقة","highly dangerous","Khalid Al Mazrouei","خالد المزروعي","الاعتداء بالضرب المفضي إلى إصابة","    77374628","بلاغ جنائي"
"2022-08-14 20:54:57","مقلقة","highly dangerous","Khalid Al Mazrouei","خالد المزروعي","النصب والاحتيال","    77374628","بلاغ جنائي"
"","","dangerous","Saeed Hassan","سعيد حسن","","    41216829","بدون البلاغات الجنائية"
"2022-05-15 08:23:15","مقلقة","dangerous","Huda Ibrahim","هدى إبراهيم","الاتجار بالمواد المخدرة","     6087238","بلاغ جنائي"
"","","dangerous","Saeed Fahmy","سعيد فهمي","","    92817156","بدون البلاغات الجنائية"
"","","dangerous","Latifa Mansour","لطيفة منصور","","     7449133","بدون البلاغات الجنائية"
"2020-01-18 13:47:05","غير مقلقة","dangerous","Dubai Taxi Corporation","مؤسسة دبي للتاكسي","التعدي على الأملاك الخاصة","     3845787","بلاغ جنائي"
"2026-01-26 20:56:44","مقلقة","dangerous","Dubai Taxi Corporation","مؤسسة دبي للتاكسي","حيازة مواد مخدرة","     3845787","بلاغ جنائي"
"2019-07-28 18:23:26","مقلقة","dangerous","Dubai Taxi Corporation","مؤسسة دبي للتاكسي","عدم الالتزام بالإقامة الجبرية","     3845787","بلاغ جنائي"
"","","low","Sunil Rao","سونيل راو","","       87437","بدون البلاغات الجنائية"
"2023-01-10 07:18:53","غير مقلقة","low","Nuwan Perera","نووان بيريرا","القيادة بدون رخصة قيادة","    46021499","بلاغ جنائي"
"","","highly dangerous","Rajesh Shah","راجيش شاه","","    97230442","بدون البلاغات الجنائية"
"2019-03-31 19:58:22","غير مقلقة","low","Manoj Verma","مانوج فيرما","القيادة بلا لوحات","      133315","بلاغ جنائي"
"2025-03-31 18:29:21","غير مقلقة","low","Manoj Verma","مانوج فيرما","القيادة بلا لوحات","      133315","بلاغ جنائي"
"","","low","Anil Verma","أنيل فيرما","","    45479759","بدون البلاغات الجنائية"
"","","highly dangerous","Rahman Chowdhury","رحمن شودري","","    12852608","بدون البلاغات الجنائية"
"","","low","Faisal Khan","فيصل خان","","    97886363","بدون البلاغات الجنائية"
"2019-02-19 11:37:15","مقلقة","dangerous","Jahangir Hossain","جهانغير حسين","عدم الالتزام بالإقامة الجبرية","     9377429","بلاغ جنائي"
"2019-02-19 18:24:27","مقلقة","dangerous","Jahangir Hossain","جهانغير حسين","القيادة أثناء سحب الرخصة","     9377429","بلاغ جنائي"
"2025-10-27 04:40:13","مقلقة","dangerous","Jahangir Hossain","جهانغير حسين","عدم الالتزام بالإقامة الجبرية","     9377429","بلاغ جنائي"
"2022-01-12 22:54:01","مقلقة","highly dangerous","Abdullah Al Dhaheri","عبدالله الظاهري","التحرش","    42954595","بلاغ جنائي"
"","","medium","Usman Qureshi","عثمان قريشي","","      387614","بدون البلاغات الجنائية"
"","","low","Mahmoud Hassan","محمود حسن","","      295869","بدون البلاغات الجنائية"
"","","dangerous","Abdul Ali","عبدال علي","","       23713","بدون البلاغات الجنائية"
"2025-06-16 02:32:20","مقلقة","dangerous","Ahmed Ali","أحمد علي","النصب والاحتيال","    72137515","بلاغ جنائي"
"2021-07-26 08:46:59","مقلقة","medium","Sultan Hassan","سلطان حسن","حيازة مواد مخدرة","    36891504","بلاغ جنائي"
"","","low","Salma Habib","سلمى حبيب","","     1313266","بدون البلاغات الجنائية"
"2023-05-08 11:25:11","مقلقة","highly dangerous","ADNOC Distribution","أدنوك للتوزيع","التسبب في حادث جسيم","     7712036","بلاغ جنائي"
"2025-12-14 04:17:38","مقلقة","highly dangerous","ADNOC Distribution","أدنوك للتوزيع","تعاطي مواد مخدرة","     7712036","بلاغ جنائي"
"2025-07-09 17:31:44","مقلقة","highly dangerous","ADNOC Distribution","أدنوك للتوزيع","الابتزاز الإلكتروني","     7712036","بلاغ جنائي"
"2022-03-01 19:45:58","مقلقة","highly dangerous","ADNOC Distribution","أدنوك للتوزيع","التزوير في محرر رسمي","     7712036","بلاغ جنائي"
"2019-08-15 08:57:10","غير مقلقة","highly dangerous","ADNOC Distribution","أدنوك للتوزيع","مخالفة الأنظمة الجمركية","     7712036","بلاغ جنائي"
"2022-02-23 11:26:10","مقلقة","highly dangerous","ADNOC Distribution","أدنوك للتوزيع","حيازة ممنوعات","     7712036","بلاغ جنائي"
"2022-10-08 19:29:40","غير مقلقة","highly dangerous","Emirates Beauty Trading","الإمارات لتجارة مستحضرات التجميل","القيادة برخصة منتهية","       95327","بلاغ جنائي"
"2021-06-14 07:20:33","مقلقة","highly dangerous","Emirates Beauty Trading","الإمارات لتجارة مستحضرات التجميل","السرقة","       95327","بلاغ جنائي"
"","","dangerous","Jahangir Islam","جهانغير إسلام","","     9665971","بدون البلاغات الجنائية"
"","","low","Zayed Awad","زايد عوض","","    51671659","بدون البلاغات الجنائية"
"","","low","Kamran Ahmed","كامران أحمد","","      373862","بدون البلاغات الجنائية"
"2026-02-11 16:56:23","مقلقة","medium","Falcon Heavy Equipment","الصقر للمعدات الثقيلة","التزوير في اللوحات","      790023","بلاغ جنائي"
"","","medium","Anita Singh","أنيتا سينغ","","     5115028","بدون البلاغات الجنائية"
"","","low","Arun Nair","أرون ناير","","    28761126","بدون البلاغات الجنائية"
"","","medium","Cristina Garcia","كريستينا غارسيا","","    48230729","بدون البلاغات الجنائية"
"2022-01-23 13:55:17","غير مقلقة","medium","Hussein Al Falasi","حسين الفلاسي","التعدي على الأملاك الخاصة","      454099","بلاغ جنائي"
"2023-12-19 14:15:30","غير مقلقة","medium","Hussein Al Falasi","حسين الفلاسي","مخالفة اشتراطات النقل","      454099","بلاغ جنائي"
"2019-07-18 01:40:13","غير مقلقة","medium","Hussein Al Falasi","حسين الفلاسي","مخالفة الأنظمة الجمركية","      454099","بلاغ جنائي"
"2019-05-22 23:16:08","غير مقلقة","medium","Hussein Al Falasi","حسين الفلاسي","القيادة بدون تأمين ساري","      454099","بلاغ جنائي"
"2019-08-11 05:08:55","غير مقلقة","medium","Hussein Al Falasi","حسين الفلاسي","مخالفة الأنظمة الجمركية","      454099","بلاغ جنائي"
"","","medium","Sahara Car Rental","الصحراء لتأجير السيارات","","    24629991","بدون البلاغات الجنائية"
"2019-04-07 04:18:47","غير مقلقة","low","Ahmed Al Shamsi","أحمد الشامسي","مخالفة اشتراطات النقل","    14017413","بلاغ جنائي"
"2020-09-20 20:30:05","غير مقلقة","low","Ahmed Al Shamsi","أحمد الشامسي","مخالفة الأنظمة الجمركية","    14017413","بلاغ جنائي"
"2024-05-29 21:13:32","غير مقلقة","low","Sunil Fernando","سونيل فرناندو","القيادة عكس اتجاه السير","    48534250","بلاغ جنائي"
"","","medium","Zeeshan Butt","زيشان بت","","    53862696","بدون البلاغات الجنائية"
"","","low","Ahmed Al Zaabi","أحمد الزعابي","","     1637114","بدون البلاغات الجنائية"
"2020-08-10 09:17:27","غير مقلقة","dangerous","ADNOC Distribution","أدنوك للتوزيع","التهديد","    15782763","بلاغ جنائي"
"2023-01-09 14:58:23","غير مقلقة","dangerous","ADNOC Distribution","أدنوك للتوزيع","مخالفة قيود الإقامة","    15782763","بلاغ جنائي"
"2024-06-28 05:48:15","غير مقلقة","dangerous","ADNOC Distribution","أدنوك للتوزيع","القيادة برخصة منتهية","    15782763","بلاغ جنائي"
"2020-07-04 06:02:56","مقلقة","dangerous","ADNOC Distribution","أدنوك للتوزيع","الاعتداء بالضرب المفضي إلى إصابة","    15782763","بلاغ جنائي"
"2023-10-15 10:03:28","مقلقة","low","Ravi Singh","رافي سينغ","عرقلة سير العدالة","    77413004","بلاغ جنائي"
"2021-12-14 03:35:00","غير مقلقة","low","Ravi Singh","رافي سينغ","مخالفة اشتراطات النقل","    77413004","بلاغ جنائي"
"","","highly dangerous","Khalid Al Muhairi","خالد المهيري","","       52982","بدون البلاغات الجنائية"
"","","medium","Priya Verma","بريا فيرما","","    28105514","بدون البلاغات الجنائية"
"","","low","Kasun Fernando","كاسون فرناندو","","    54275206","بدون البلاغات الجنائية"
"","","low","Khalid Al Ketbi","خالد الكتبي","","    93774941","بدون البلاغات الجنائية"
"2023-04-14 17:24:13","غير مقلقة","low","Majid Khalil","ماجد خليل","إتلاف ممتلكات عامة","    70938725","بلاغ جنائي"
"2022-04-14 04:21:01","مقلقة","highly dangerous","Adnan Sheikh","عدنان شيخ","تعاطي مواد مخدرة","     4284707","بلاغ جنائي"
"2020-03-17 09:33:10","غير مقلقة","highly dangerous","Adnan Sheikh","عدنان شيخ","مخالفة قيود الإقامة","     4284707","بلاغ جنائي"
"","","medium","Imran Malik","عمران مالك","","      119680","بدون البلاغات الجنائية"
"","","low","Youssef Al Suwaidi","يوسف السويدي","","    83718432","بدون البلاغات الجنائية"
"2023-02-25 12:31:41","غير مقلقة","low","Hamdan Al Qubaisi","حمدان القبيسي","الامتناع عن دفع الغرامات المستحقة","    97908298","بلاغ جنائي"
"2026-05-11 12:59:23","مقلقة","low","Hamdan Al Qubaisi","حمدان القبيسي","الاتجار بالمواد المخدرة","    97908298","بلاغ جنائي"
"2025-06-09 22:03:06","مقلقة","medium","Adnan Butt","عدنان بت","الهروب من مسرح الحادث","      404988","بلاغ جنائي"
"","","low","John Aquino","جون أكينو","","    14525331","بدون البلاغات الجنائية"
"","","dangerous","Al Naboodah Transport","النابودة للنقل","","       76757","بدون البلاغات الجنائية"
"","","low","Abdullah Hassan","عبدالله حسن","","    22683074","بدون البلاغات الجنائية"
"","","dangerous","Ali Darwish","علي درويش","","    34533736","بدون البلاغات الجنائية"
"","","highly dangerous","Rahman Miah","رحمن ميا","","    61509218","بدون البلاغات الجنائية"
"2024-06-24 07:35:14","مقلقة","highly dangerous","Imran Malik","عمران مالك","الاعتداء على موظف عام أثناء تأدية عمله","      790343","بلاغ جنائي"
"2019-01-18 17:55:31","مقلقة","highly dangerous","Imran Malik","عمران مالك","التسبب في حادث جسيم","      790343","بلاغ جنائي"
"2021-03-06 07:08:37","مقلقة","highly dangerous","Imran Malik","عمران مالك","الاعتداء على موظف عام أثناء تأدية عمله","      790343","بلاغ جنائي"
"2019-02-09 17:14:18","مقلقة","highly dangerous","Imran Malik","عمران مالك","غسل الأموال","      790343","بلاغ جنائي"
"2026-03-15 15:54:32","غير مقلقة","medium","Khalid Al Ketbi","خالد الكتبي","التعدي على الأملاك الخاصة","      614519","بلاغ جنائي"
"2019-11-15 18:18:40","مقلقة","medium","Khalid Al Ketbi","خالد الكتبي","القيادة أثناء سحب الرخصة","      614519","بلاغ جنائي"
"","","highly dangerous","Sunil Jayawardena","سونيل جاياواردينا","","    75289538","بدون البلاغات الجنائية"
"2025-01-13 14:59:07","غير مقلقة","highly dangerous","Asif Raza","آصف رضا","القيادة بدون رخصة قيادة","     1147592","بلاغ جنائي"
"2022-11-13 15:02:38","مقلقة","highly dangerous","Mansoor Kamal","منصور كمال","التفحيط وتعريض الأرواح للخطر","       77529","بلاغ جنائي"
"","","low","Rashid Kamal","راشد كمال","","       59556","بدون البلاغات الجنائية"
"","","low","James Davis","جيمس ديفيس","","       77117","بدون البلاغات الجنائية"
"","","low","Dipak Limbu","ديباك ليمبو","","      889406","بدون البلاغات الجنائية"
"","","low","Rahman Ali","رحمن علي","","    38429751","بدون البلاغات الجنائية"
"","","low","Asha Patel","آشا باتيل","","     1149537","بدون البلاغات الجنائية"
"2024-05-06 06:43:52","غير مقلقة","highly dangerous","Obaid Mansour","عبيد منصور","القيادة بدون تأمين ساري","    60847054","بلاغ جنائي"
"2022-01-08 01:41:20","مقلقة","highly dangerous","Obaid Mansour","عبيد منصور","السرقة","    60847054","بلاغ جنائي"
"2024-09-07 12:26:11","مقلقة","highly dangerous","Obaid Mansour","عبيد منصور","حيازة مواد مخدرة","    60847054","بلاغ جنائي"
"2021-05-06 21:05:28","غير مقلقة","highly dangerous","Obaid Mansour","عبيد منصور","القيادة عكس اتجاه السير","    60847054","بلاغ جنائي"
"2019-09-08 05:38:10","غير مقلقة","highly dangerous","Obaid Mansour","عبيد منصور","التلاعب في عداد المسافات","    60847054","بلاغ جنائي"
"2024-07-12 16:41:21","مقلقة","highly dangerous","Obaid Mansour","عبيد منصور","الاعتداء على موظف عام أثناء تأدية عمله","    60847054","بلاغ جنائي"
"2024-06-18 14:24:50","غير مقلقة","medium","Sanjay Nair","سانجاي ناير","إصدار شيك بدون رصيد","    26768845","بلاغ جنائي"
"2019-09-17 12:42:34","مقلقة","medium","Sanjay Nair","سانجاي ناير","الهروب من مسرح الحادث","    26768845","بلاغ جنائي"
"2020-12-25 12:47:53","غير مقلقة","medium","Sanjay Nair","سانجاي ناير","السب والقذف","    26768845","بلاغ جنائي"
"","","dangerous","Rashid Khalil","راشد خليل","","      488183","بدون البلاغات الجنائية"
"2026-05-07 11:17:56","غير مقلقة","medium","Rapid Delivery Services","الخدمات السريعة للتوصيل","القيادة بلا لوحات","     6373650","بلاغ جنائي"
"2022-09-15 16:51:37","غير مقلقة","medium","Rapid Delivery Services","الخدمات السريعة للتوصيل","خيانة الأمانة","     6373650","بلاغ جنائي"
"","","low","Sunil Sharma","سونيل شارما","","    99795785","بدون البلاغات الجنائية"
"2025-10-13 07:03:34","مقلقة","dangerous","Youssef Haddad","يوسف حداد","غسل الأموال","     5904669","بلاغ جنائي"
"2024-10-27 19:44:08","غير مقلقة","dangerous","Youssef Haddad","يوسف حداد","إثارة الشغب","     5904669","بلاغ جنائي"
"2020-06-18 07:08:18","مقلقة","dangerous","Youssef Haddad","يوسف حداد","عرقلة سير العدالة","     5904669","بلاغ جنائي"
"","","highly dangerous","Michael Ramos","مايكل راموس","","    63213596","بدون البلاغات الجنائية"
"","","dangerous","Prakash Thapa","براكاش تابا","","     8749753","بدون البلاغات الجنائية"
"","","medium","Sara Al Suwaidi","سارة السويدي","","    51269003","بدون البلاغات الجنائية"
"2024-04-24 03:41:07","مقلقة","highly dangerous","Ravi Menon","رافي مينون","الهروب من مسرح الحادث","    65640883","بلاغ جنائي"
"2021-10-20 23:24:03","مقلقة","highly dangerous","Ravi Menon","رافي مينون","التفحيط وتعريض الأرواح للخطر","    65640883","بلاغ جنائي"
"2021-06-08 00:45:54","مقلقة","highly dangerous","Ravi Menon","رافي مينون","القيادة بسرعة جنونية","    65640883","بلاغ جنائي"
"","","low","Nasser Darwish","ناصر درويش","","     8334179","بدون البلاغات الجنائية"
"","","medium","Sultan Al Balushi","سلطان البلوشي","","    62765459","بدون البلاغات الجنائية"
"","","low","Prakash Thapa","براكاش تابا","","    53834170","بدون البلاغات الجنائية"
"","","low","Hassan Al Ketbi","حسن الكتبي","","    98496046","بدون البلاغات الجنائية"
"2023-10-24 08:40:57","مقلقة","highly dangerous","Rashid Kamal","راشد كمال","السرقة","     7365486","بلاغ جنائي"
"2019-01-01 10:15:31","مقلقة","highly dangerous","Rashid Kamal","راشد كمال","عرقلة سير العدالة","     7365486","بلاغ جنائي"
"","","highly dangerous","Ali Habib","علي حبيب","","      417140","بدون البلاغات الجنائية"
"","","highly dangerous","Prakash Kumar","براكاش كومار","","    45069643","بدون البلاغات الجنائية"
"","","medium","Andrew Davis","أندرو ديفيس","","    53560900","بدون البلاغات الجنائية"
"","","low","Majid Habib","ماجد حبيب","","    60978094","بدون البلاغات الجنائية"
"","","low","Juma Fahmy","جمعة فهمي","","    10350039","بدون البلاغات الجنائية"
"2020-12-30 05:12:23","مقلقة","medium","Krishna Thapa","كريشنا تابا","التزوير في محرر رسمي","     5283846","بلاغ جنائي"
"2019-06-26 01:35:51","غير مقلقة","medium","Krishna Thapa","كريشنا تابا","خيانة الأمانة","     5283846","بلاغ جنائي"
"2024-08-02 18:59:07","غير مقلقة","medium","Krishna Thapa","كريشنا تابا","مخالفة قيود الإقامة","     5283846","بلاغ جنائي"
"","","low","Faisal Sheikh","فيصل شيخ","","    42150776","بدون البلاغات الجنائية"
"2025-08-18 01:26:02","مقلقة","highly dangerous","Omar Mansour","عمر منصور","مقاومة رجال السلطة","    33716442","بلاغ جنائي"
"2026-02-08 08:40:25","مقلقة","highly dangerous","Omar Mansour","عمر منصور","الدخول للبلاد بطريقة غير مشروعة","    33716442","بلاغ جنائي"
"","","low","Faisal Khan","فيصل خان","","      446764","بدون البلاغات الجنائية"
"","","dangerous","Rahman Chowdhury","رحمن شودري","","    27733653","بدون البلاغات الجنائية"
"2023-06-09 07:58:44","مقلقة","highly dangerous","Khalid Mansour","خالد منصور","عدم الالتزام بالإقامة الجبرية","    11739126","بلاغ جنائي"
"2020-09-06 02:17:48","مقلقة","highly dangerous","Khalid Mansour","خالد منصور","التحرش","    11739126","بلاغ جنائي"
"2025-08-11 17:29:40","مقلقة","highly dangerous","Khalid Mansour","خالد منصور","انتحال صفة","    11739126","بلاغ جنائي"
"","","low","Hussein Mansour","حسين منصور","","      670151","بدون البلاغات الجنائية"
"","","dangerous","Tariq Al Ghafri","طارق الغافري","","      689422","بدون البلاغات الجنائية"
"","","medium","Saeed Ali","سعيد علي","","     1282608","بدون البلاغات الجنائية"
"","","low","Maria Reyes","ماريا رييس","","       22782","بدون البلاغات الجنائية"
"","","dangerous","Suresh Kumar","سوريش كومار","","    51672990","بدون البلاغات الجنائية"
"","","low","Sampath Rajapaksa","سامباث راجاباكسا","","    55291892","بدون البلاغات الجنائية"
"","","low","Rahman Uddin","رحمن الدين","","     2859201","بدون البلاغات الجنائية"
"2020-05-12 06:36:56","مقلقة","highly dangerous","Hussein Nassar","حسين نصار","عدم الالتزام بالإقامة الجبرية","     9064811","بلاغ جنائي"
"2020-08-26 07:58:11","مقلقة","highly dangerous","Hussein Nassar","حسين نصار","الاتجار بالمواد المخدرة","     9064811","بلاغ جنائي"
"2024-03-14 06:01:33","مقلقة","highly dangerous","Hussein Nassar","حسين نصار","غسل الأموال","     9064811","بلاغ جنائي"
"2021-03-27 23:34:38","غير مقلقة","highly dangerous","Hussein Nassar","حسين نصار","إصدار شيك بدون رصيد","     9064811","بلاغ جنائي"
"2022-10-13 03:03:53","مقلقة","highly dangerous","Carlo Aquino","كارلو أكينو","حيازة مواد مخدرة","     4328581","بلاغ جنائي"
"","","medium","Faisal Malik","فيصل مالك","","    15050240","بدون البلاغات الجنائية"
"2024-09-23 22:08:10","مقلقة","dangerous","Hamdan Saleh","حمدان صالح","الابتزاز الإلكتروني","     2867446","بلاغ جنائي"
"","","low","Hassan Al Ghafri","حسن الغافري","","      289340","بدون البلاغات الجنائية"
"","","dangerous","Faisal Malik","فيصل مالك","","    22522406","بدون البلاغات الجنائية"
"","","dangerous","Union Trading LLC","الاتحاد للتجارة ذ.م.م","","       64269","بدون البلاغات الجنائية"
"","","low","Al Ain Farms Transport","مزارع العين للنقل","","    47700515","بدون البلاغات الجنائية"
"","","dangerous","Hassan Al Kaabi","حسن الكعبي","","     2173062","بدون البلاغات الجنائية"
"","","highly dangerous","Ahmed Zaki","أحمد زكي","","      350646","بدون البلاغات الجنائية"
"2021-11-16 06:14:24","مقلقة","dangerous","Suresh Reddy","سوريش ريدي","الدخول للبلاد بطريقة غير مشروعة","     2474240","بلاغ جنائي"
"","","medium","Kamran Butt","كامران بت","","    17860677","بدون البلاغات الجنائية"
"2022-05-20 18:57:58","مقلقة","highly dangerous","Noura Al Suwaidi","نورة السويدي","انتحال صفة","    16996604","بلاغ جنائي"
"2026-07-23 03:40:04","مقلقة","highly dangerous","Noura Al Suwaidi","نورة السويدي","عرقلة سير العدالة","    16996604","بلاغ جنائي"
"","","low","Rajesh Shah","راجيش شاه","","      426931","بدون البلاغات الجنائية"
"","","low","Al Ain Farms Transport","مزارع العين للنقل","","    14821515","بدون البلاغات الجنائية"
"","","dangerous","Rahman Miah","رحمن ميا","","     1063106","بدون البلاغات الجنائية"
"","","low","Prakash Patel","براكاش باتيل","","    52243506","بدون البلاغات الجنائية"
"2020-06-05 01:33:52","مقلقة","dangerous","Sara Al Dhaheri","سارة الظاهري","القيادة بتهور","     5788604","بلاغ جنائي"
"2022-07-14 19:04:46","مقلقة","dangerous","Sara Al Dhaheri","سارة الظاهري","الاتجار بالمواد المخدرة","     5788604","بلاغ جنائي"
"2019-08-12 09:55:47","غير مقلقة","dangerous","Sara Al Dhaheri","سارة الظاهري","السب والقذف","     5788604","بلاغ جنائي"
"2020-10-17 15:52:11","غير مقلقة","medium","Latifa Al Nuaimi","لطيفة النعيمي","التلاعب في عداد المسافات","    48337962","بلاغ جنائي"
"","","low","Amit Rao","أميت راو","","    65958522","بدون البلاغات الجنائية"
"","","dangerous","Rajesh Kumar","راجيش كومار","","     6181495","بدون البلاغات الجنائية"
"","","medium","Joy Santos","جوي سانتوس","","    99703907","بدون البلاغات الجنائية"
"","","dangerous","Zayed Al Zaabi","زايد الزعابي","","       58007","بدون البلاغات الجنائية"
"","","low","Deepak Nair","ديباك ناير","","      462754","بدون البلاغات الجنائية"
"2023-02-26 20:18:47","غير مقلقة","low","Sunita Das","سونيتا داس","إلحاق الضرر العمدي بالممتلكات","       98611","بلاغ جنائي"
"2021-07-12 20:14:07","غير مقلقة","low","Sunita Das","سونيتا داس","نقل ركاب بدون تصريح","       98611","بلاغ جنائي"
"2023-11-22 03:40:49","مقلقة","low","Sunita Das","سونيتا داس","الاتجار بالمواد المخدرة","       98611","بلاغ جنائي"
"","","medium","Kavita Nair","كافيتا ناير","","       58174","بدون البلاغات الجنائية"
"2023-01-24 05:58:49","مقلقة","highly dangerous","Bilal Iqbal","بلال إقبال","الهروب من مسرح الحادث","    25075225","بلاغ جنائي"
"2020-06-04 14:01:24","مقلقة","highly dangerous","Bilal Iqbal","بلال إقبال","انتحال صفة","    25075225","بلاغ جنائي"
"","","medium","Anil Rao","أنيل راو","","    22085736","بدون البلاغات الجنائية"
"2020-04-24 02:09:31","مقلقة","highly dangerous","Salem Al Ketbi","سالم الكتبي","التسبب في حادث جسيم","    95674091","بلاغ جنائي"
"2023-01-06 13:22:02","مقلقة","highly dangerous","Salem Al Ketbi","سالم الكتبي","الاتجار بالمواد المخدرة","    95674091","بلاغ جنائي"
"2025-07-03 02:40:58","مقلقة","highly dangerous","Salem Al Ketbi","سالم الكتبي","التحرش","    95674091","بلاغ جنائي"
"2019-06-11 13:52:28","مقلقة","highly dangerous","Salem Al Ketbi","سالم الكتبي","التفحيط وتعريض الأرواح للخطر","    95674091","بلاغ جنائي"
"2024-06-25 23:14:32","مقلقة","highly dangerous","Salem Al Ketbi","سالم الكتبي","السرقة","    95674091","بلاغ جنائي"
"2019-10-27 16:23:38","مقلقة","highly dangerous","Salem Al Ketbi","سالم الكتبي","الهروب من مسرح الحادث","    95674091","بلاغ جنائي"
"","","low","Hussein Saleh","حسين صالح","","    21701093","بدون البلاغات الجنائية"
"","","highly dangerous","Prakash Magar","براكاش ماغار","","    39685018","بدون البلاغات الجنائية"
"","","low","Wadha Abdelrahman","وضحة عبدالرحمن","","       85354","بدون البلاغات الجنائية"
"","","medium","Anil Gupta","أنيل غوبتا","","      401865","بدون البلاغات الجنائية"
"2024-10-03 03:34:55","مقلقة","highly dangerous","Adnan Qureshi","عدنان قريشي","عرقلة سير العدالة","    61655044","بلاغ جنائي"
"2020-07-08 00:19:18","مقلقة","highly dangerous","Adnan Qureshi","عدنان قريشي","انتحال صفة","    61655044","بلاغ جنائي"
"2022-08-06 19:23:35","مقلقة","highly dangerous","Adnan Qureshi","عدنان قريشي","تعاطي مواد مخدرة","    61655044","بلاغ جنائي"
"2020-03-01 09:11:01","غير مقلقة","highly dangerous","Adnan Qureshi","عدنان قريشي","نقل ركاب بدون تصريح","    61655044","بلاغ جنائي"
"2024-11-03 18:34:38","مقلقة","highly dangerous","Adnan Qureshi","عدنان قريشي","القيادة تحت تأثير الكحول","    61655044","بلاغ جنائي"
"2025-02-17 22:38:17","غير مقلقة","medium","Moza Darwish","موزة درويش","مخالفة الأنظمة الجمركية","    84994393","بلاغ جنائي"
"2020-06-21 15:13:04","غير مقلقة","medium","Moza Darwish","موزة درويش","تجاوز الإشارة الحمراء بشكل متكرر","    84994393","بلاغ جنائي"
"2023-08-12 20:20:24","غير مقلقة","medium","Moza Darwish","موزة درويش","القيادة بدون تأمين ساري","    84994393","بلاغ جنائي"
"","","medium","Amit Verma","أميت فيرما","","    30675273","بدون البلاغات الجنائية"
"2019-05-27 00:53:54","مقلقة","dangerous","Ahmed Fahmy","أحمد فهمي","الاتجار بالمواد المخدرة","    84773927","بلاغ جنائي"
"2023-06-03 17:49:49","مقلقة","dangerous","Ahmed Fahmy","أحمد فهمي","غسل الأموال","    84773927","بلاغ جنائي"
"","","medium","Kiran Shah","كيران شاه","","    57393925","بدون البلاغات الجنائية"
"","","low","Deepak Rao","ديباك راو","","     6890423","بدون البلاغات الجنائية"
"2021-01-06 13:46:37","مقلقة","highly dangerous","Nazrul Hossain","نذرول حسين","التزوير في محرر رسمي","    60879697","بلاغ جنائي"
"2024-12-30 19:33:18","مقلقة","highly dangerous","Nazrul Hossain","نذرول حسين","القيادة تحت تأثير الكحول","    60879697","بلاغ جنائي"
"","","low","Ramesh Verma","راميش فيرما","","    71114666","بدون البلاغات الجنائية"
"","","medium","Obaid Al Hammadi","عبيد الحمادي","","       86594","بدون البلاغات الجنائية"
"2021-12-31 06:58:30","مقلقة","highly dangerous","Juma Awad","جمعة عوض","حيازة مواد مخدرة","    63229650","بلاغ جنائي"
"2026-03-21 02:46:53","مقلقة","highly dangerous","Juma Awad","جمعة عوض","عدم الالتزام بالإقامة الجبرية","    63229650","بلاغ جنائي"
"2022-01-13 06:22:52","مقلقة","highly dangerous","Juma Awad","جمعة عوض","الاعتداء بالضرب المفضي إلى إصابة","    63229650","بلاغ جنائي"
"2021-01-02 23:15:40","مقلقة","highly dangerous","Juma Awad","جمعة عوض","قيادة مركبة مسروقة","    63229650","بلاغ جنائي"
"2024-11-29 22:15:33","غير مقلقة","highly dangerous","Juma Awad","جمعة عوض","خيانة الأمانة","    63229650","بلاغ جنائي"
"2024-07-28 12:52:12","مقلقة","highly dangerous","Moza Ali","موزة علي","الاعتداء على موظف عام أثناء تأدية عمله","    19257724","بلاغ جنائي"
"2020-05-25 14:52:26","مقلقة","highly dangerous","Moza Ali","موزة علي","الاعتداء بالضرب المفضي إلى إصابة","    19257724","بلاغ جنائي"
"","","dangerous","Ramesh Verma","راميش فيرما","","    17315728","بدون البلاغات الجنائية"
"2019-03-13 08:17:56","غير مقلقة","dangerous","Ibrahim Al Muhairi","إبراهيم المهيري","السب والقذف","    60842297","بلاغ جنائي"
"2019-01-27 02:22:13","غير مقلقة","dangerous","Ibrahim Al Muhairi","إبراهيم المهيري","القيادة عكس اتجاه السير","    60842297","بلاغ جنائي"
"2025-10-28 20:25:46","مقلقة","dangerous","Ibrahim Al Muhairi","إبراهيم المهيري","السرقة","    60842297","بلاغ جنائي"
"2021-04-02 19:53:25","غير مقلقة","dangerous","Ibrahim Al Muhairi","إبراهيم المهيري","القيادة بدون تأمين ساري","    60842297","بلاغ جنائي"
"","","low","Roshan Perera","روشان بيريرا","","    65198796","بدون البلاغات الجنائية"
"2021-04-21 18:20:40","غير مقلقة","low","Sanjay Shah","سانجاي شاه","القيادة برخصة منتهية","      992818","بلاغ جنائي"
"2025-01-30 09:39:14","غير مقلقة","low","Sanjay Shah","سانجاي شاه","إتلاف ممتلكات عامة","      992818","بلاغ جنائي"
"","","low","Manoj Menon","مانوج مينون","","    59088882","بدون البلاغات الجنائية"
"2025-03-21 08:18:22","غير مقلقة","dangerous","Salem Awad","سالم عوض","القيادة عكس اتجاه السير","    74499200","بلاغ جنائي"
"2019-10-18 05:00:15","غير مقلقة","dangerous","Salem Awad","سالم عوض","القيادة بدون تأمين ساري","    74499200","بلاغ جنائي"
"","","medium","Hessa Al Marri","حصة المري","","       81307","بدون البلاغات الجنائية"
"","","low","Obaid Al Mazrouei","عبيد المزروعي","","       84219","بدون البلاغات الجنائية"
"2023-09-01 16:12:43","غير مقلقة","dangerous","Nasser Al Qubaisi","ناصر القبيسي","مخالفة الأنظمة الجمركية","      592286","بلاغ جنائي"
"","","dangerous","Zeeshan Khan","زيشان خان","","    85343788","بدون البلاغات الجنائية"
"","","low","Union Trading LLC","الاتحاد للتجارة ذ.م.م","","    75032422","بدون البلاغات الجنائية"
"","","low","Arun Nair","أرون ناير","","    21579387","بدون البلاغات الجنائية"
"","","medium","Fahad Ali","فهد علي","","    49192096","بدون البلاغات الجنائية"
"","","dangerous","Deepak Reddy","ديباك ريدي","","      356227","بدون البلاغات الجنائية"
"2021-09-29 09:30:10","مقلقة","dangerous","Roshan Fernando","روشان فرناندو","مقاومة رجال السلطة","    12662989","بلاغ جنائي"
"2020-09-30 14:41:35","غير مقلقة","dangerous","Roshan Fernando","روشان فرناندو","إلحاق الضرر العمدي بالممتلكات","    12662989","بلاغ جنائي"
"2025-04-11 15:19:59","مقلقة","highly dangerous","Bilal Butt","بلال بت","الهروب من مسرح الحادث","    65267466","بلاغ جنائي"
"2023-11-12 01:55:59","مقلقة","highly dangerous","Bilal Butt","بلال بت","انتحال صفة","    65267466","بلاغ جنائي"
"2021-08-26 19:20:20","مقلقة","highly dangerous","Khalid Haddad","خالد حداد","القيادة تحت تأثير الكحول","      332250","بلاغ جنائي"
"2019-09-27 09:29:39","غير مقلقة","highly dangerous","Khalid Haddad","خالد حداد","التهديد","      332250","بلاغ جنائي"
"","","low","David Taylor","ديفيد تايلور","","     1919503","بدون البلاغات الجنائية"
"2024-11-20 02:55:45","مقلقة","highly dangerous","Imran Butt","عمران بت","انتحال صفة","      653780","بلاغ جنائي"
"","","low","Karim Islam","كريم إسلام","","    34565672","بدون البلاغات الجنائية"
"2021-03-08 18:06:00","غير مقلقة","medium","Grace Bautista","غريس باوتيستا","مخالفة الأنظمة الجمركية","      863269","بلاغ جنائي"
"","","medium","Omar Al Suwaidi","عمر السويدي","","    35610612","بدون البلاغات الجنائية"
"","","medium","Mansoor Al Shamsi","منصور الشامسي","","      326474","بدون البلاغات الجنائية"
"","","medium","Kiran Gupta","كيران غوبتا","","       93403","بدون البلاغات الجنائية"
"2024-12-12 05:47:07","غير مقلقة","dangerous","Sultan Al Muhairi","سلطان المهيري","خيانة الأمانة","    85623733","بلاغ جنائي"
"","","medium","Abdul Ali","عبدال علي","","      493598","بدون البلاغات الجنائية"
"2021-11-02 15:47:29","مقلقة","dangerous","Ram Tamang","رام تامانغ","الرشوة","    91470666","بلاغ جنائي"
"2025-07-11 14:08:10","غير مقلقة","dangerous","Ram Tamang","رام تامانغ","إتلاف ممتلكات عامة","    91470666","بلاغ جنائي"
"2019-02-15 23:31:26","مقلقة","dangerous","Ram Tamang","رام تامانغ","الدخول للبلاد بطريقة غير مشروعة","    91470666","بلاغ جنائي"
"2021-03-03 11:04:11","مقلقة","dangerous","Ram Tamang","رام تامانغ","التزوير في محرر رسمي","    91470666","بلاغ جنائي"
"2022-11-19 17:26:24","غير مقلقة","dangerous","Ram Tamang","رام تامانغ","السب والقذف","    91470666","بلاغ جنائي"
"2025-02-02 14:13:25","مقلقة","low","Prakash Pillai","براكاش بيلاي","التفحيط وتعريض الأرواح للخطر","     9023134","بلاغ جنائي"
"2019-05-18 01:06:39","غير مقلقة","low","Prakash Pillai","براكاش بيلاي","مخالفة الأنظمة الجمركية","     9023134","بلاغ جنائي"
"","","low","Manoj Singh","مانوج سينغ","","    58444602","بدون البلاغات الجنائية"
"2019-10-24 14:27:44","مقلقة","highly dangerous","Nasser Abdelrahman","ناصر عبدالرحمن","القيادة أثناء سحب الرخصة","    32176425","بلاغ جنائي"
"2019-11-02 07:24:02","مقلقة","highly dangerous","Nasser Abdelrahman","ناصر عبدالرحمن","التستر على مطلوب للعدالة","    32176425","بلاغ جنائي"
"2025-05-25 16:24:56","مقلقة","highly dangerous","Nasser Abdelrahman","ناصر عبدالرحمن","السرقة","    32176425","بلاغ جنائي"
"2022-06-01 04:00:08","غير مقلقة","highly dangerous","Nasser Abdelrahman","ناصر عبدالرحمن","إلحاق الضرر العمدي بالممتلكات","    32176425","بلاغ جنائي"
"","","low","Sahara Car Rental","الصحراء لتأجير السيارات","","    99783031","بدون البلاغات الجنائية"
"","","low","Omar Al Dhaheri","عمر الظاهري","","     2500921","بدون البلاغات الجنائية"
"2019-06-22 18:50:01","مقلقة","dangerous","Grace Bautista","غريس باوتيستا","التفحيط وتعريض الأرواح للخطر","     6085942","بلاغ جنائي"
"2023-11-29 08:15:07","مقلقة","dangerous","Grace Bautista","غريس باوتيستا","حيازة ممنوعات","     6085942","بلاغ جنائي"
"","","medium","Adnan Qureshi","عدنان قريشي","","    81306212","بدون البلاغات الجنائية"
"","","dangerous","Bikram Shrestha","بيكرام شريستا","","    83255758","بدون البلاغات الجنائية"
"2023-09-16 16:32:12","مقلقة","highly dangerous","Bilal Malik","بلال مالك","الدخول للبلاد بطريقة غير مشروعة","       59667","بلاغ جنائي"
"","","medium","Zeeshan Raza","زيشان رضا","","    66627850","بدون البلاغات الجنائية"
"2022-08-20 08:12:03","مقلقة","medium","Adnan Khan","عدنان خان","الشروع في السرقة","    43763543","بلاغ جنائي"
"2023-01-12 23:23:44","مقلقة","medium","Adnan Khan","عدنان خان","الاتجار بالمواد المخدرة","    43763543","بلاغ جنائي"
"2022-12-30 21:46:59","مقلقة","medium","Adnan Khan","عدنان خان","القيادة تحت تأثير الكحول","    43763543","بلاغ جنائي"
"","","low","Suman Shrestha","سومان شريستا","","    90580426","بدون البلاغات الجنائية"
"","","low","Shahin Hossain","شاهين حسين","","      445434","بدون البلاغات الجنائية"
"2021-05-07 22:01:07","غير مقلقة","highly dangerous","Sara Al Mazrouei","سارة المزروعي","القيادة بدون تأمين ساري","       16342","بلاغ جنائي"
"2024-12-25 00:34:01","مقلقة","highly dangerous","Sara Al Mazrouei","سارة المزروعي","الهروب من مسرح الحادث","       16342","بلاغ جنائي"
"2025-11-10 23:27:35","مقلقة","highly dangerous","Sara Al Mazrouei","سارة المزروعي","التزوير في اللوحات","       16342","بلاغ جنائي"
"2025-10-06 01:31:32","مقلقة","highly dangerous","Muhammad Chaudhry","محمد تشودري","التفحيط وتعريض الأرواح للخطر","    64466723","بلاغ جنائي"
"2023-03-30 13:07:36","غير مقلقة","highly dangerous","Muhammad Chaudhry","محمد تشودري","القيادة بلا لوحات","    64466723","بلاغ جنائي"
"2020-12-28 21:09:35","مقلقة","dangerous","Prakash Magar","براكاش ماغار","القيادة بتهور","       96428","بلاغ جنائي"
"2023-12-27 12:35:31","غير مقلقة","low","Rajesh Reddy","راجيش ريدي","مخالفة قيود الإقامة","    90371410","بلاغ جنائي"
"","","medium","Noura Al Hammadi","نورة الحمادي","","    53198209","بدون البلاغات الجنائية"
"2019-10-03 03:54:03","مقلقة","highly dangerous","Moza Al Nuaimi","موزة النعيمي","القيادة بسرعة جنونية","    73660265","بلاغ جنائي"
"2024-04-24 20:07:28","غير مقلقة","highly dangerous","Moza Al Nuaimi","موزة النعيمي","القيادة بدون رخصة قيادة","    73660265","بلاغ جنائي"
"","","highly dangerous","Tariq Al Hammadi","طارق الحمادي","","    55330820","بدون البلاغات الجنائية"
"2022-07-28 15:59:33","مقلقة","highly dangerous","Ravi Shah","رافي شاه","تعاطي مواد مخدرة","    53278736","بلاغ جنائي"
"2020-10-31 04:15:15","مقلقة","highly dangerous","Ravi Shah","رافي شاه","عدم الالتزام بالإقامة الجبرية","    53278736","بلاغ جنائي"
"","","medium","Al Ain Farms Transport","مزارع العين للنقل","","    87017181","بدون البلاغات الجنائية"
"","","dangerous","Juma Al Ghafri","جمعة الغافري","","      833867","بدون البلاغات الجنائية"
"","","low","City Taxi LLC","سيتي تاكسي ذ.م.م","","      559328","بدون البلاغات الجنائية"
"","","medium","Asif Chaudhry","آصف تشودري","","     9959456","بدون البلاغات الجنائية"
"2020-04-12 20:01:37","مقلقة","highly dangerous","Emily Johnson","إميلي جونسون","قيادة مركبة مسروقة","      116637","بلاغ جنائي"
"2025-04-09 08:01:19","غير مقلقة","highly dangerous","Emily Johnson","إميلي جونسون","القيادة برخصة منتهية","      116637","بلاغ جنائي"
"2022-08-06 10:28:50","مقلقة","highly dangerous","Emily Johnson","إميلي جونسون","الدخول للبلاد بطريقة غير مشروعة","      116637","بلاغ جنائي"
"","","dangerous","Asha Sharma","آشا شارما","","    36873597","بدون البلاغات الجنائية"
"","","medium","Karim Miah","كريم ميا","","    66013795","بدون البلاغات الجنائية"
"","","low","Hussein Ibrahim","حسين إبراهيم","","       23506","بدون البلاغات الجنائية"
"2019-01-16 07:20:51","مقلقة","highly dangerous","Omar Nassar","عمر نصار","التسبب في حادث جسيم","    69451249","بلاغ جنائي"
"2025-07-17 10:07:40","غير مقلقة","highly dangerous","Omar Nassar","عمر نصار","خيانة الأمانة","    69451249","بلاغ جنائي"
"2020-07-09 09:15:12","مقلقة","dangerous","Noura Al Mazrouei","نورة المزروعي","السرقة","    66846642","بلاغ جنائي"
"","","dangerous","Manoj Gupta","مانوج غوبتا","","    80434768","بدون البلاغات الجنائية"
"2020-02-28 16:01:22","غير مقلقة","medium","Mohan Reddy","موهان ريدي","تجاوز الإشارة الحمراء بشكل متكرر","    43994528","بلاغ جنائي"
"2020-04-15 18:05:40","مقلقة","medium","Mohan Reddy","موهان ريدي","حيازة سلاح ناري غير مرخص","    43994528","بلاغ جنائي"
"2019-06-11 14:59:52","غير مقلقة","medium","Mohan Reddy","موهان ريدي","القيادة عكس اتجاه السير","    43994528","بلاغ جنائي"
"2023-03-12 17:09:49","مقلقة","medium","Mohan Reddy","موهان ريدي","التزوير في اللوحات","    43994528","بلاغ جنائي"
"2021-09-12 09:26:18","غير مقلقة","medium","Oasis Logistics","الواحة للخدمات اللوجستية","التعدي على الأملاك الخاصة","    53176240","بلاغ جنائي"
"2019-12-22 22:17:00","غير مقلقة","medium","Oasis Logistics","الواحة للخدمات اللوجستية","السب والقذف","    53176240","بلاغ جنائي"
"","","low","Adnan Khan","عدنان خان","","    21579401","بدون البلاغات الجنائية"
"","","low","Salma Darwish","سلمى درويش","","     6851712","بدون البلاغات الجنائية"
"","","dangerous","Wadha Hassan","وضحة حسن","","    46392434","بدون البلاغات الجنائية"
"","","dangerous","Manoj Das","مانوج داس","","    75172848","بدون البلاغات الجنائية"
"","","dangerous","Zayed Al Ali","زايد العلي","","      540367","بدون البلاغات الجنائية"
"2026-01-17 09:23:54","مقلقة","highly dangerous","Maryam Habib","مريم حبيب","التزوير في اللوحات","     5435845","بلاغ جنائي"
"2019-04-13 23:34:32","مقلقة","highly dangerous","Maryam Habib","مريم حبيب","السرقة","     5435845","بلاغ جنائي"
"2023-07-26 16:02:24","غير مقلقة","highly dangerous","Maryam Habib","مريم حبيب","التهديد","     5435845","بلاغ جنائي"
"2022-05-29 00:02:11","مقلقة","highly dangerous","Maryam Habib","مريم حبيب","الاتجار بالمواد المخدرة","     5435845","بلاغ جنائي"
"2024-05-24 01:34:52","مقلقة","highly dangerous","Maryam Habib","مريم حبيب","الاعتداء على موظف عام أثناء تأدية عمله","     5435845","بلاغ جنائي"
"","","low","Neha Rao","نيها راو","","    49456736","بدون البلاغات الجنائية"
"","","dangerous","Vijay Verma","فيجاي فيرما","","    36909953","بدون البلاغات الجنائية"
"","","medium","Mansoor Al Ghafri","منصور الغافري","","    32240761","بدون البلاغات الجنائية"
"2019-03-16 10:57:48","مقلقة","highly dangerous","Waseem Raza","وسيم رضا","القيادة تحت تأثير الكحول","    33116781","بلاغ جنائي"
"2021-02-08 00:35:06","مقلقة","highly dangerous","Waseem Raza","وسيم رضا","الشروع في السرقة","    33116781","بلاغ جنائي"
"","","medium","Ramesh Iyer","راميش آير","","     7192877","بدون البلاغات الجنائية"
"","","highly dangerous","Zayed Awad","زايد عوض","","    79436501","بدون البلاغات الجنائية"
"2019-04-17 08:40:19","غير مقلقة","highly dangerous","Suman Gurung","سومان غورونغ","نقل ركاب بدون تصريح","    35208721","بلاغ جنائي"
"","","dangerous","Daniel Johnson","دانيال جونسون","","    66340951","بدون البلاغات الجنائية"
"","","low","Sahara Car Rental","الصحراء لتأجير السيارات","","    48546794","بدون البلاغات الجنائية"
"2019-10-10 10:32:49","مقلقة","highly dangerous","Rapid Delivery Services","الخدمات السريعة للتوصيل","عدم الالتزام بالإقامة الجبرية","     2081331","بلاغ جنائي"
"","","low","Imran Iqbal","عمران إقبال","","    96856098","بدون البلاغات الجنائية"
"","","medium","Alia Al Suwaidi","عالية السويدي","","    64327246","بدون البلاغات الجنائية"
"","","low","Manoj Shah","مانوج شاه","","      547049","بدون البلاغات الجنائية"
"2022-08-10 14:23:49","مقلقة","highly dangerous","Layla Hassan","ليلى حسن","الابتزاز الإلكتروني","    13431525","بلاغ جنائي"
"2019-03-27 16:26:39","مقلقة","highly dangerous","Layla Hassan","ليلى حسن","القيادة بسرعة جنونية","    13431525","بلاغ جنائي"
"2025-02-15 00:41:29","غير مقلقة","highly dangerous","Layla Hassan","ليلى حسن","إلحاق الضرر العمدي بالممتلكات","    13431525","بلاغ جنائي"
"2024-06-05 14:24:16","غير مقلقة","highly dangerous","Layla Hassan","ليلى حسن","القيادة بدون رخصة قيادة","    13431525","بلاغ جنائي"
"2019-08-05 01:46:38","مقلقة","dangerous","Ramesh Singh","راميش سينغ","الاعتداء بالضرب المفضي إلى إصابة","       86730","بلاغ جنائي"
"2019-11-02 23:23:18","غير مقلقة","dangerous","Ramesh Singh","راميش سينغ","مخالفة اشتراطات النقل","       86730","بلاغ جنائي"
"2023-09-14 07:08:53","غير مقلقة","dangerous","Ramesh Singh","راميش سينغ","الامتناع عن دفع الغرامات المستحقة","       86730","بلاغ جنائي"
"","","dangerous","Deepak Patel","ديباك باتيل","","      155275","بدون البلاغات الجنائية"
"2025-01-20 14:39:33","مقلقة","dangerous","Dubai Taxi Corporation","مؤسسة دبي للتاكسي","الشروع في السرقة","    54019670","بلاغ جنائي"
"2024-07-15 19:53:46","غير مقلقة","dangerous","Dubai Taxi Corporation","مؤسسة دبي للتاكسي","التلاعب في عداد المسافات","    54019670","بلاغ جنائي"
"2025-01-17 22:24:50","غير مقلقة","dangerous","Dipak Rai","ديباك راي","نقل ركاب بدون تصريح","     9577709","بلاغ جنائي"
"2026-02-05 12:47:46","غير مقلقة","dangerous","Dipak Rai","ديباك راي","مخالفة قيود الإقامة","     9577709","بلاغ جنائي"
"","","medium","Latifa Al Marri","لطيفة المري","","      795241","بدون البلاغات الجنائية"
"","","low","Ravi Nair","رافي ناير","","    46021413","بدون البلاغات الجنائية"
"","","low","Mark Mendoza","مارك ميندوزا","","    93844657","بدون البلاغات الجنائية"
"","","medium","Kiran Das","كيران داس","","    17613568","بدون البلاغات الجنائية"
"2020-03-17 10:12:19","مقلقة","highly dangerous","Carlo Garcia","كارلو غارسيا","الاعتداء بالضرب المفضي إلى إصابة","    31712268","بلاغ جنائي"
"2020-10-09 09:24:12","مقلقة","highly dangerous","Carlo Garcia","كارلو غارسيا","الابتزاز الإلكتروني","    31712268","بلاغ جنائي"
"","","dangerous","Salama Ibrahim","سلامة إبراهيم","","    29599451","بدون البلاغات الجنائية"
"2025-11-16 10:57:11","مقلقة","highly dangerous","Bilal Malik","بلال مالك","مقاومة رجال السلطة","    97164813","بلاغ جنائي"
"2021-10-27 20:58:56","مقلقة","highly dangerous","Bilal Malik","بلال مالك","الهروب من مسرح الحادث","    97164813","بلاغ جنائي"
"","","low","Oasis Logistics","الواحة للخدمات اللوجستية","","     8936994","بدون البلاغات الجنائية"
"","","dangerous","Kamal Uddin","كمال الدين","","     9913575","بدون البلاغات الجنائية"
"2026-01-01 12:51:16","غير مقلقة","dangerous","Hind Al Ali","هند العلي","إصدار شيك بدون رصيد","    60864423","بلاغ جنائي"
"2021-12-06 07:00:31","غير مقلقة","dangerous","Hind Al Ali","هند العلي","مخالفة اشتراطات النقل","    60864423","بلاغ جنائي"
"2019-07-14 04:04:15","غير مقلقة","dangerous","Hind Al Ali","هند العلي","خيانة الأمانة","    60864423","بلاغ جنائي"
"","","low","Emirates Transport","مواصلات الإمارات","","     5026882","بدون البلاغات الجنائية"
"","","dangerous","Mark Cruz","مارك كروز","","      638497","بدون البلاغات الجنائية"
"","","low","Faruk Ali","فاروق علي","","     9209570","بدون البلاغات الجنائية"
"","","dangerous","City Taxi LLC","سيتي تاكسي ذ.م.م","","    32796582","بدون البلاغات الجنائية"
"","","dangerous","Rahman Miah","رحمن ميا","","     6041607","بدون البلاغات الجنائية"
"","","low","Kavita Shah","كافيتا شاه","","    52555409","بدون البلاغات الجنائية"
"","","low","Prakash Magar","براكاش ماغار","","     6372912","بدون البلاغات الجنائية"
"","","dangerous","Abdullah Abdelrahman","عبدالله عبدالرحمن","","      237527","بدون البلاغات الجنائية"
"","","low","Sara Al Rumaithi","سارة الرميثي","","      745269","بدون البلاغات الجنائية"
"","","dangerous","Usman Khan","عثمان خان","","      206757","بدون البلاغات الجنائية"
"","","low","Omar Al Kaabi","عمر الكعبي","","    99495468","بدون البلاغات الجنائية"
"","","low","Angelo Reyes","أنجيلو رييس","","     7907200","بدون البلاغات الجنائية"
"","","highly dangerous","Sara Nassar","سارة نصار","","    91004194","بدون البلاغات الجنائية"
"","","medium","Alia Habib","عالية حبيب","","    80558807","بدون البلاغات الجنائية"
"","","dangerous","Manoj Reddy","مانوج ريدي","","     4322129","بدون البلاغات الجنائية"
"","","low","Deepa Nair","ديبا ناير","","      744834","بدون البلاغات الجنائية"
"","","dangerous","Omar Haddad","عمر حداد","","    15102685","بدون البلاغات الجنائية"
"2020-02-28 01:21:27","مقلقة","highly dangerous","Hassan Al Marri","حسن المري","عرقلة سير العدالة","    76909748","بلاغ جنائي"
"","","dangerous","Amna Saleh","آمنة صالح","","    50246161","بدون البلاغات الجنائية"
"2024-10-21 01:28:24","مقلقة","dangerous","Rekha Pillai","ريخا بيلاي","التزوير في محرر رسمي","    71553730","بلاغ جنائي"
"2023-05-11 07:45:37","مقلقة","dangerous","Hassan Hassan","حسن حسن","حيازة سلاح ناري غير مرخص","    83207363","بلاغ جنائي"
"2023-08-06 22:47:55","غير مقلقة","dangerous","Hassan Hassan","حسن حسن","القيادة عكس اتجاه السير","    83207363","بلاغ جنائي"
"2020-11-09 02:55:21","مقلقة","highly dangerous","Waseem Butt","وسيم بت","انتحال صفة","    86513785","بلاغ جنائي"
"2025-12-05 04:15:56","مقلقة","highly dangerous","Waseem Butt","وسيم بت","القيادة أثناء سحب الرخصة","    86513785","بلاغ جنائي"
"2022-05-08 02:30:49","غير مقلقة","medium","Faruk Islam","فاروق إسلام","خيانة الأمانة","    70744111","بلاغ جنائي"
"2019-08-01 08:15:20","غير مقلقة","medium","Faruk Islam","فاروق إسلام","التهديد","    70744111","بلاغ جنائي"
"2022-03-16 06:02:46","غير مقلقة","medium","Faruk Islam","فاروق إسلام","الامتناع عن دفع الغرامات المستحقة","    70744111","بلاغ جنائي"
"","","low","Moza Awad","موزة عوض","","      547810","بدون البلاغات الجنائية"
"","","dangerous","Arun Verma","أرون فيرما","","    67168472","بدون البلاغات الجنائية"
"","","low","Sanjay Rao","سانجاي راو","","      519999","بدون البلاغات الجنائية"
"","","medium","Faruk Hossain","فاروق حسين","","       22749","بدون البلاغات الجنائية"
"","","dangerous","Nasser Abdelrahman","ناصر عبدالرحمن","","      251810","بدون البلاغات الجنائية"
"2026-07-24 07:53:13","مقلقة","dangerous","Hassan Fahmy","حسن فهمي","حيازة ممنوعات","     1375616","بلاغ جنائي"
"","","medium","Faisal Qureshi","فيصل قريشي","","    18175018","بدون البلاغات الجنائية"
"","","medium","Majid Ibrahim","ماجد إبراهيم","","       52937","بدون البلاغات الجنائية"
"","","medium","Obaid Al Rumaithi","عبيد الرميثي","","    24081623","بدون البلاغات الجنائية"
"","","dangerous","Ali Al Nuaimi","علي النعيمي","","     2231717","بدون البلاغات الجنائية"
"","","medium","Ramesh Pillai","راميش بيلاي","","    66363166","بدون البلاغات الجنائية"
"","","medium","Hassan Al Suwaidi","حسن السويدي","","    96580779","بدون البلاغات الجنائية"
"","","medium","Majid Al Suwaidi","ماجد السويدي","","    77519137","بدون البلاغات الجنائية"
"","","low","Nazrul Uddin","نذرول الدين","","    52086340","بدون البلاغات الجنائية"
"","","low","Arun Rao","أرون راو","","    23256210","بدون البلاغات الجنائية"
"","","low","Ravi Sharma","رافي شارما","","    54738603","بدون البلاغات الجنائية"
"","","dangerous","Juma Nassar","جمعة نصار","","       94016","بدون البلاغات الجنائية"
"2023-09-04 23:15:30","غير مقلقة","low","Suresh Das","سوريش داس","التهديد","     5289003","بلاغ جنائي"
"2021-01-19 07:15:53","مقلقة","low","Suresh Das","سوريش داس","التسبب في حادث جسيم","     5289003","بلاغ جنائي"
"2021-07-15 11:43:16","غير مقلقة","low","Suresh Das","سوريش داس","إتلاف ممتلكات عامة","     5289003","بلاغ جنائي"
"2025-06-17 02:02:32","غير مقلقة","low","Reem Awad","ريم عوض","إتلاف ممتلكات عامة","    22763607","بلاغ جنائي"
"2024-11-30 06:26:43","غير مقلقة","low","Reem Awad","ريم عوض","إتلاف ممتلكات عامة","    22763607","بلاغ جنائي"
"2021-12-03 20:21:11","غير مقلقة","low","Reem Awad","ريم عوض","خيانة الأمانة","    22763607","بلاغ جنائي"
"","","low","Kasun Rajapaksa","كاسون راجاباكسا","","    71829176","بدون البلاغات الجنائية"
"2020-06-11 04:28:27","غير مقلقة","dangerous","Zeeshan Qureshi","زيشان قريشي","الامتناع عن دفع الغرامات المستحقة","     3310106","بلاغ جنائي"
"","","low","Asha Kumar","آشا كومار","","     1577478","بدون البلاغات الجنائية"
"","","dangerous","Fahad Ali","فهد علي","","    45301225","بدون البلاغات الجنائية"
"","","dangerous","Salma Nassar","سلمى نصار","","    75431980","بدون البلاغات الجنائية"
"2025-10-17 01:58:29","مقلقة","highly dangerous","Mohan Singh","موهان سينغ","الدخول للبلاد بطريقة غير مشروعة","      905834","بلاغ جنائي"
"2025-07-30 19:15:35","مقلقة","highly dangerous","Mohan Singh","موهان سينغ","تعاطي مواد مخدرة","      905834","بلاغ جنائي"
"","","low","Majid Al Kaabi","ماجد الكعبي","","     3995603","بدون البلاغات الجنائية"
"2019-06-22 04:49:04","مقلقة","highly dangerous","Al Futtaim Logistics","الفطيم للخدمات اللوجستية","القيادة بسرعة جنونية","      705920","بلاغ جنائي"
"2020-12-31 22:32:29","مقلقة","highly dangerous","Al Futtaim Logistics","الفطيم للخدمات اللوجستية","الاعتداء على موظف عام أثناء تأدية عمله","      705920","بلاغ جنائي"
"2021-07-18 14:14:46","مقلقة","highly dangerous","Al Futtaim Logistics","الفطيم للخدمات اللوجستية","حيازة سلاح ناري غير مرخص","      705920","بلاغ جنائي"
"2019-06-15 21:38:00","غير مقلقة","dangerous","Thomas Wilson","توماس ويلسون","التلاعب في عداد المسافات","      741767","بلاغ جنائي"
"2024-04-10 09:40:17","غير مقلقة","dangerous","Thomas Wilson","توماس ويلسون","إصدار شيك بدون رصيد","      741767","بلاغ جنائي"
"2024-01-05 09:39:37","مقلقة","dangerous","Maryam Fahmy","مريم فهمي","مقاومة رجال السلطة","       69488","بلاغ جنائي"
"2020-02-20 06:02:26","غير مقلقة","dangerous","Maryam Fahmy","مريم فهمي","القيادة بدون تأمين ساري","       69488","بلاغ جنائي"
"","","dangerous","Majid Al Muhairi","ماجد المهيري","","    22833278","بدون البلاغات الجنائية"
"","","low","Rahman Uddin","رحمن الدين","","    22336579","بدون البلاغات الجنائية"
"","","medium","Ahmed Al Shamsi","أحمد الشامسي","","     5939018","بدون البلاغات الجنائية"
"","","dangerous","Huda Al Marri","هدى المري","","       33725","بدون البلاغات الجنائية"
"2025-01-02 12:23:23","غير مقلقة","dangerous","Kamal Hossain","كمال حسين","تجاوز الإشارة الحمراء بشكل متكرر","    57807907","بلاغ جنائي"
"2024-03-10 20:53:50","غير مقلقة","dangerous","Kamal Hossain","كمال حسين","مخالفة الأنظمة الجمركية","    57807907","بلاغ جنائي"
"2021-06-02 16:12:17","مقلقة","dangerous","Kamal Hossain","كمال حسين","انتحال صفة","    57807907","بلاغ جنائي"
"2022-07-31 21:34:11","مقلقة","highly dangerous","Jahangir Chowdhury","جهانغير شودري","حيازة ممنوعات","      312661","بلاغ جنائي"
"","","low","Khalid Al Qubaisi","خالد القبيسي","","    85757604","بدون البلاغات الجنائية"
"2020-08-28 03:24:43","مقلقة","highly dangerous","Layla Al Rumaithi","ليلى الرميثي","عرقلة سير العدالة","     9964358","بلاغ جنائي"
"","","medium","Jahangir Hossain","جهانغير حسين","","    95736928","بدون البلاغات الجنائية"
"","","medium","Mohammed Habib","محمد حبيب","","    42332057","بدون البلاغات الجنائية"
"","","dangerous","Ahmed Fahmy","أحمد فهمي","","       93169","بدون البلاغات الجنائية"
"2023-07-20 21:32:11","مقلقة","medium","Sunil Iyer","سونيل آير","القيادة بتهور","    21482618","بلاغ جنائي"
"","","low","Fahad Zaki","فهد زكي","","     5531777","بدون البلاغات الجنائية"
"2020-10-02 00:20:47","مقلقة","highly dangerous","Kiran Reddy","كيران ريدي","تعاطي مواد مخدرة","    54322249","بلاغ جنائي"
"2019-01-01 14:37:26","مقلقة","highly dangerous","Kiran Reddy","كيران ريدي","التزوير في محرر رسمي","    54322249","بلاغ جنائي"
"2026-03-26 07:52:19","مقلقة","highly dangerous","Kiran Reddy","كيران ريدي","التفحيط وتعريض الأرواح للخطر","    54322249","بلاغ جنائي"
"2022-08-17 22:29:56","مقلقة","highly dangerous","Kiran Gupta","كيران غوبتا","القيادة بسرعة جنونية","    81817330","بلاغ جنائي"
"","","low","Mark Garcia","مارك غارسيا","","       63012","بدون البلاغات الجنائية"
"","","low","Kamran Butt","كامران بت","","    52050169","بدون البلاغات الجنائية"
"","","low","Bilal Malik","بلال مالك","","    65309303","بدون البلاغات الجنائية"
"","","medium","Union Trading LLC","الاتحاد للتجارة ذ.م.م","","    58799541","بدون البلاغات الجنائية"
"2022-03-22 03:57:59","مقلقة","highly dangerous","Muhammad Malik","محمد مالك","حيازة ممنوعات","    33618298","بلاغ جنائي"
"","","low","Amit Das","أميت داس","","    85074078","بدون البلاغات الجنائية"
"2025-05-17 19:37:24","غير مقلقة","medium","Bahadur Rai","بهادر راي","إلحاق الضرر العمدي بالممتلكات","     1181167","بلاغ جنائي"
"2020-12-16 07:02:23","غير مقلقة","medium","Bahadur Rai","بهادر راي","إصدار شيك بدون رصيد","     1181167","بلاغ جنائي"
"","","medium","Juma Al Ali","جمعة العلي","","    10349161","بدون البلاغات الجنائية"
"","","medium","Jahangir Chowdhury","جهانغير شودري","","       20690","بدون البلاغات الجنائية"
"","","dangerous","Asif Sheikh","آصف شيخ","","    62001428","بدون البلاغات الجنائية"
"2020-02-06 04:06:03","مقلقة","dangerous","Mansoor Ibrahim","منصور إبراهيم","القيادة بسرعة جنونية","    17447735","بلاغ جنائي"
"2020-09-19 19:33:44","غير مقلقة","dangerous","Mansoor Ibrahim","منصور إبراهيم","القيادة عكس اتجاه السير","    17447735","بلاغ جنائي"
"2020-10-25 21:58:59","مقلقة","dangerous","Mansoor Ibrahim","منصور إبراهيم","التزوير في اللوحات","    17447735","بلاغ جنائي"
"2024-12-27 00:31:02","مقلقة","dangerous","Mansoor Ibrahim","منصور إبراهيم","التسبب في حادث جسيم","    17447735","بلاغ جنائي"
"2021-12-08 01:53:06","غير مقلقة","dangerous","Mansoor Ibrahim","منصور إبراهيم","التعدي على الأملاك الخاصة","    17447735","بلاغ جنائي"
"2019-03-25 08:14:10","مقلقة","dangerous","Mansoor Ibrahim","منصور إبراهيم","القيادة أثناء سحب الرخصة","    17447735","بلاغ جنائي"
"","","low","Suman Tamang","سومان تامانغ","","    55608032","بدون البلاغات الجنائية"
"2024-04-27 17:07:48","مقلقة","highly dangerous","Youssef Al Mansoori","يوسف المنصوري","انتحال صفة","    23231439","بلاغ جنائي"
"2019-12-15 21:56:23","مقلقة","highly dangerous","Youssef Al Mansoori","يوسف المنصوري","الشروع في السرقة","    23231439","بلاغ جنائي"
"2023-08-04 11:25:54","مقلقة","highly dangerous","Youssef Al Mansoori","يوسف المنصوري","انتحال صفة","    23231439","بلاغ جنائي"
"2022-08-16 00:55:07","مقلقة","highly dangerous","Youssef Al Mansoori","يوسف المنصوري","حيازة ممنوعات","    23231439","بلاغ جنائي"
"2021-01-13 17:17:28","مقلقة","dangerous","Khalid Awad","خالد عوض","الاعتداء بالضرب المفضي إلى إصابة","    56410950","بلاغ جنائي"
"2020-07-19 19:20:46","مقلقة","dangerous","Khalid Awad","خالد عوض","القيادة تحت تأثير الكحول","    56410950","بلاغ جنائي"
"2021-12-09 01:57:28","مقلقة","dangerous","Khalid Awad","خالد عوض","الشروع في السرقة","    56410950","بلاغ جنائي"
"2024-01-29 04:28:31","غير مقلقة","dangerous","Khalid Awad","خالد عوض","نقل ركاب بدون تصريح","    56410950","بلاغ جنائي"
"2022-08-08 15:03:52","غير مقلقة","dangerous","Khalid Awad","خالد عوض","التهديد","    56410950","بلاغ جنائي"
"","","dangerous","National Cement Company","شركة الأسمنت الوطنية","","    14737096","بدون البلاغات الجنائية"
"","","medium","Suresh Rao","سوريش راو","","      675409","بدون البلاغات الجنائية"
"","","low","Deepak Kumar","ديباك كومار","","     8242075","بدون البلاغات الجنائية"
"","","dangerous","Ibrahim Al Rumaithi","إبراهيم الرميثي","","      919871","بدون البلاغات الجنائية"
"","","low","Salem Fahmy","سالم فهمي","","      922509","بدون البلاغات الجنائية"
"2019-05-19 06:31:26","مقلقة","dangerous","Anita Patel","أنيتا باتيل","الابتزاز الإلكتروني","    41473404","بلاغ جنائي"
"2021-06-09 05:21:07","غير مقلقة","dangerous","Anita Patel","أنيتا باتيل","تجاوز الإشارة الحمراء بشكل متكرر","    41473404","بلاغ جنائي"
"2022-11-17 22:39:16","غير مقلقة","dangerous","Anita Patel","أنيتا باتيل","الامتناع عن دفع الغرامات المستحقة","    41473404","بلاغ جنائي"
"2019-06-11 03:04:22","مقلقة","dangerous","Anita Patel","أنيتا باتيل","السرقة","    41473404","بلاغ جنائي"
"2021-07-30 02:50:25","مقلقة","dangerous","Anita Patel","أنيتا باتيل","التحرش","    41473404","بلاغ جنائي"
"2026-02-13 21:47:18","مقلقة","dangerous","Anita Patel","أنيتا باتيل","القيادة بتهور","    41473404","بلاغ جنائي"
"","","low","Faruk Rahman","فاروق رحمن","","      724217","بدون البلاغات الجنائية"
"2023-07-03 00:27:16","مقلقة","highly dangerous","Khalid Nassar","خالد نصار","التستر على مطلوب للعدالة","      282057","بلاغ جنائي"
"2025-07-01 11:04:40","مقلقة","highly dangerous","Khalid Nassar","خالد نصار","القيادة بتهور","      282057","بلاغ جنائي"
"2024-08-03 09:32:26","غير مقلقة","highly dangerous","Khalid Nassar","خالد نصار","القيادة بدون تأمين ساري","      282057","بلاغ جنائي"
"2019-12-22 00:49:48","مقلقة","highly dangerous","Khalid Nassar","خالد نصار","حيازة مواد مخدرة","      282057","بلاغ جنائي"
"2024-10-24 20:48:50","مقلقة","highly dangerous","Khalid Nassar","خالد نصار","الاعتداء بالضرب المفضي إلى إصابة","      282057","بلاغ جنائي"
"","","low","Jose Mendoza","خوسيه ميندوزا","","       40544","بدون البلاغات الجنائية"
"","","medium","Hessa Habib","حصة حبيب","","    71894375","بدون البلاغات الجنائية"
"","","medium","Saeed Al Mansoori","سعيد المنصوري","","      866555","بدون البلاغات الجنائية"
"2021-06-17 19:47:16","مقلقة","highly dangerous","Kamal Chowdhury","كمال شودري","مقاومة رجال السلطة","    99655823","بلاغ جنائي"
"2020-02-29 10:10:34","مقلقة","highly dangerous","Kamal Chowdhury","كمال شودري","القيادة بسرعة جنونية","    99655823","بلاغ جنائي"
"","","low","Amna Ibrahim","آمنة إبراهيم","","      354278","بدون البلاغات الجنائية"
"","","dangerous","Gulf Rent A Car","الخليج لتأجير السيارات","","    52499059","بدون البلاغات الجنائية"
"2020-07-18 04:51:07","غير مقلقة","highly dangerous","Salma Abdelrahman","سلمى عبدالرحمن","القيادة بلا لوحات","    59000443","بلاغ جنائي"
"2020-08-04 14:49:31","مقلقة","highly dangerous","Salma Abdelrahman","سلمى عبدالرحمن","عرقلة سير العدالة","    59000443","بلاغ جنائي"
"2023-11-03 16:39:54","مقلقة","highly dangerous","Salma Abdelrahman","سلمى عبدالرحمن","النصب والاحتيال","    59000443","بلاغ جنائي"
"2020-08-05 00:09:49","مقلقة","highly dangerous","Salma Abdelrahman","سلمى عبدالرحمن","حيازة مواد مخدرة","    59000443","بلاغ جنائي"
"","","low","Juma Ibrahim","جمعة إبراهيم","","     1718976","بدون البلاغات الجنائية"
"2025-08-02 23:00:39","مقلقة","highly dangerous","Arun Singh","أرون سينغ","حيازة سلاح ناري غير مرخص","    78357148","بلاغ جنائي"
"2023-07-03 08:03:42","مقلقة","highly dangerous","Arun Singh","أرون سينغ","التحرش","    78357148","بلاغ جنائي"
"2019-09-27 10:52:00","مقلقة","highly dangerous","Arun Singh","أرون سينغ","الابتزاز الإلكتروني","    78357148","بلاغ جنائي"
"2020-08-18 05:34:54","غير مقلقة","highly dangerous","Arun Singh","أرون سينغ","التهديد","    78357148","بلاغ جنائي"
"2025-07-31 12:54:57","مقلقة","highly dangerous","Arun Singh","أرون سينغ","السرقة","    78357148","بلاغ جنائي"
"2026-04-09 03:04:35","مقلقة","highly dangerous","Arun Singh","أرون سينغ","الهروب من مسرح الحادث","    78357148","بلاغ جنائي"
"","","low","Fatima Al Ali","فاطمة العلي","","    50909103","بدون البلاغات الجنائية"
"","","medium","Mohammed Awad","محمد عوض","","    51328624","بدون البلاغات الجنائية"
"","","low","Mohan Kumar","موهان كومار","","      276054","بدون البلاغات الجنائية"
"2021-02-04 15:45:24","مقلقة","dangerous","Rajesh Shah","راجيش شاه","الرشوة","      183683","بلاغ جنائي"
"2024-01-22 14:47:41","مقلقة","dangerous","Rajesh Shah","راجيش شاه","الابتزاز الإلكتروني","      183683","بلاغ جنائي"
"2023-08-14 11:37:27","مقلقة","dangerous","Rajesh Shah","راجيش شاه","حيازة سلاح ناري غير مرخص","      183683","بلاغ جنائي"
"","","low","Youssef Habib","يوسف حبيب","","     4937992","بدون البلاغات الجنائية"
"","","low","Vijay Rao","فيجاي راو","","       66711","بدون البلاغات الجنائية"
"2022-10-06 12:15:03","غير مقلقة","highly dangerous","Tariq Ibrahim","طارق إبراهيم","القيادة برخصة منتهية","    50005691","بلاغ جنائي"
"2024-12-20 15:37:58","مقلقة","highly dangerous","Tariq Ibrahim","طارق إبراهيم","قيادة مركبة مسروقة","    50005691","بلاغ جنائي"
"","","dangerous","Asha Singh","آشا سينغ","","       86173","بدون البلاغات الجنائية"
"","","low","Kamran Sheikh","كامران شيخ","","      786196","بدون البلاغات الجنائية"
"","","low","Sanjay Verma","سانجاي فيرما","","      280126","بدون البلاغات الجنائية"
"2021-05-21 09:27:58","غير مقلقة","dangerous","Faisal Ahmed","فيصل أحمد","مخالفة اشتراطات النقل","    69479863","بلاغ جنائي"
"","","low","Rashid Mahmoud","راشد محمود","","       83011","بدون البلاغات الجنائية"
"2019-04-16 12:05:55","مقلقة","highly dangerous","Saeed Saleh","سعيد صالح","القيادة بسرعة جنونية","      700820","بلاغ جنائي"
"2019-08-27 10:12:21","غير مقلقة","dangerous","Prakash Thapa","براكاش تابا","التهديد","    15339880","بلاغ جنائي"
"","","medium","Jahangir Chowdhury","جهانغير شودري","","    89508651","بدون البلاغات الجنائية"
"","","dangerous","Juma Awad","جمعة عوض","","    70276443","بدون البلاغات الجنائية"
"2026-03-06 19:41:42","مقلقة","highly dangerous","Tariq Al Ketbi","طارق الكتبي","القيادة أثناء سحب الرخصة","    95058985","بلاغ جنائي"
"2023-02-01 12:38:55","مقلقة","highly dangerous","Tariq Al Ketbi","طارق الكتبي","القيادة بسرعة جنونية","    95058985","بلاغ جنائي"
"2019-08-07 00:45:08","مقلقة","highly dangerous","Tariq Al Ketbi","طارق الكتبي","عرقلة سير العدالة","    95058985","بلاغ جنائي"
"2023-11-05 01:13:56","غير مقلقة","highly dangerous","Tariq Al Ketbi","طارق الكتبي","السب والقذف","    95058985","بلاغ جنائي"
"2021-10-01 03:55:53","مقلقة","highly dangerous","Tariq Al Ketbi","طارق الكتبي","الاتجار بالمواد المخدرة","    95058985","بلاغ جنائي"
"","","highly dangerous","Kasun Silva","كاسون سيلفا","","    50868351","بدون البلاغات الجنائية"
"2024-12-08 04:20:28","مقلقة","dangerous","Usman Iqbal","عثمان إقبال","الهروب من مسرح الحادث","      623560","بلاغ جنائي"
"2023-04-03 16:47:49","غير مقلقة","dangerous","Usman Iqbal","عثمان إقبال","إصدار شيك بدون رصيد","      623560","بلاغ جنائي"
"2019-02-20 02:27:32","غير مقلقة","dangerous","Usman Iqbal","عثمان إقبال","القيادة برخصة منتهية","      623560","بلاغ جنائي"
"2025-08-25 08:12:06","غير مقلقة","dangerous","Mark Garcia","مارك غارسيا","إصدار شيك بدون رصيد","    93350419","بلاغ جنائي"
"2023-04-17 03:04:38","غير مقلقة","medium","Priya Shah","بريا شاه","السب والقذف","      100223","بلاغ جنائي"
"2020-05-08 12:58:20","مقلقة","medium","Priya Shah","بريا شاه","القيادة بسرعة جنونية","      100223","بلاغ جنائي"
"","","medium","Saeed Nassar","سعيد نصار","","     3447708","بدون البلاغات الجنائية"
"","","medium","Faisal Iqbal","فيصل إقبال","","     3594216","بدون البلاغات الجنائية"
"","","dangerous","Al Wathba Trading","الوثبة للتجارة","","    98253874","بدون البلاغات الجنائية"
"","","low","Mark Santos","مارك سانتوس","","       35759","بدون البلاغات الجنائية"
"","","low","Prakash Magar","براكاش ماغار","","     2612692","بدون البلاغات الجنائية"
"","","low","Moza Al Nuaimi","موزة النعيمي","","    16768866","بدون البلاغات الجنائية"
"2025-07-27 18:33:40","مقلقة","highly dangerous","Sampath Rajapaksa","سامباث راجاباكسا","التزوير في اللوحات","     7576310","بلاغ جنائي"
"2019-06-11 00:22:58","مقلقة","medium","Jose Mendoza","خوسيه ميندوزا","غسل الأموال","    55188523","بلاغ جنائي"
"2026-03-15 09:33:11","غير مقلقة","medium","Jose Mendoza","خوسيه ميندوزا","إصدار شيك بدون رصيد","    55188523","بلاغ جنائي"
"2023-01-25 18:51:52","غير مقلقة","medium","Jose Mendoza","خوسيه ميندوزا","مخالفة الأنظمة الجمركية","    55188523","بلاغ جنائي"
"","","low","Ibrahim Hassan","إبراهيم حسن","","    28100694","بدون البلاغات الجنائية"
"2025-10-01 14:44:21","مقلقة","highly dangerous","Ali Habib","علي حبيب","عرقلة سير العدالة","      709621","بلاغ جنائي"
"2021-09-30 20:49:11","غير مقلقة","highly dangerous","Ali Habib","علي حبيب","الامتناع عن دفع الغرامات المستحقة","      709621","بلاغ جنائي"
"2020-10-18 20:12:29","مقلقة","highly dangerous","Ali Habib","علي حبيب","النصب والاحتيال","      709621","بلاغ جنائي"
"2020-10-14 08:36:14","مقلقة","highly dangerous","Ali Habib","علي حبيب","الاعتداء على موظف عام أثناء تأدية عمله","      709621","بلاغ جنائي"
"","","medium","Adnan Ahmed","عدنان أحمد","","    73555347","بدون البلاغات الجنائية"
"","","dangerous","Rekha Singh","ريخا سينغ","","    98684771","بدون البلاغات الجنائية"
"","","medium","Salem Kamal","سالم كمال","","    43446848","بدون البلاغات الجنائية"
"2023-09-03 11:36:38","مقلقة","highly dangerous","Nazrul Chowdhury","نذرول شودري","القيادة تحت تأثير الكحول","      521256","بلاغ جنائي"
"2024-09-02 07:20:39","مقلقة","highly dangerous","Nazrul Chowdhury","نذرول شودري","عرقلة سير العدالة","      521256","بلاغ جنائي"
"","","low","Ali Abdelrahman","علي عبدالرحمن","","       70895","بدون البلاغات الجنائية"
"","","medium","Asif Khan","آصف خان","","     9698157","بدون البلاغات الجنائية"
"","","dangerous","Alia Al Zaabi","عالية الزعابي","","     8833414","بدون البلاغات الجنائية"
"","","low","Nazrul Miah","نذرول ميا","","    30671934","بدون البلاغات الجنائية"
"","","medium","Muhammad Raza","محمد رضا","","    18251271","بدون البلاغات الجنائية"
"","","medium","Juma Khalil","جمعة خليل","","    13784232","بدون البلاغات الجنائية"
"","","low","Rajesh Gupta","راجيش غوبتا","","    56004251","بدون البلاغات الجنائية"
"2022-02-04 08:04:55","غير مقلقة","low","Arun Sharma","أرون شارما","السب والقذف","    67968341","بلاغ جنائي"
"2025-01-01 06:07:40","غير مقلقة","low","Arun Sharma","أرون شارما","خيانة الأمانة","    67968341","بلاغ جنائي"
"2022-10-13 06:30:14","غير مقلقة","low","Arun Sharma","أرون شارما","الامتناع عن دفع الغرامات المستحقة","    67968341","بلاغ جنائي"
"2026-04-11 10:20:25","غير مقلقة","low","Arun Sharma","أرون شارما","التهديد","    67968341","بلاغ جنائي"
"2020-09-22 05:40:09","غير مقلقة","low","Arun Sharma","أرون شارما","السب والقذف","    67968341","بلاغ جنائي"
"","","low","Sultan Habib","سلطان حبيب","","    96161508","بدون البلاغات الجنائية"
"","","dangerous","Majid Darwish","ماجد درويش","","       39145","بدون البلاغات الجنائية"
"","","medium","Hussein Al Suwaidi","حسين السويدي","","    96013153","بدون البلاغات الجنائية"
"","","medium","Suresh Das","سوريش داس","","       13251","بدون البلاغات الجنائية"
"","","low","Abdullah Al Muhairi","عبدالله المهيري","","      849129","بدون البلاغات الجنائية"
"","","low","Abdullah Al Nuaimi","عبدالله النعيمي","","    41709911","بدون البلاغات الجنائية"
"","","highly dangerous","Salem Hassan","سالم حسن","","      459751","بدون البلاغات الجنائية"
"2025-10-16 03:09:34","مقلقة","highly dangerous","Shamma Al Ali","شما العلي","غسل الأموال","    41740916","بلاغ جنائي"
"2022-06-06 15:57:57","غير مقلقة","highly dangerous","Shamma Al Ali","شما العلي","تجاوز الإشارة الحمراء بشكل متكرر","    41740916","بلاغ جنائي"
"2024-02-25 14:55:28","مقلقة","highly dangerous","Shamma Al Ali","شما العلي","القيادة تحت تأثير الكحول","    41740916","بلاغ جنائي"
"2023-09-29 02:46:24","مقلقة","highly dangerous","Shamma Al Ali","شما العلي","التسبب في حادث جسيم","    41740916","بلاغ جنائي"
"","","medium","Kiran Patel","كيران باتيل","","    28267713","بدون البلاغات الجنائية"
"","","medium","Khalid Al Ali","خالد العلي","","    67776889","بدون البلاغات الجنائية"
"","","low","Obaid Al Rumaithi","عبيد الرميثي","","    10118538","بدون البلاغات الجنائية"
"2023-05-30 13:55:32","غير مقلقة","highly dangerous","Sanjay Shah","سانجاي شاه","مخالفة قيود الإقامة","    14294257","بلاغ جنائي"
"2025-12-08 19:55:54","مقلقة","highly dangerous","Sanjay Shah","سانجاي شاه","التستر على مطلوب للعدالة","    14294257","بلاغ جنائي"
"2022-07-26 11:47:39","غير مقلقة","highly dangerous","Suresh Patel","سوريش باتيل","السب والقذف","    98019164","بلاغ جنائي"
"2021-07-25 14:24:53","مقلقة","highly dangerous","Suresh Patel","سوريش باتيل","التزوير في اللوحات","    98019164","بلاغ جنائي"
"2025-06-07 06:02:37","مقلقة","dangerous","Jose Mendoza","خوسيه ميندوزا","تعاطي مواد مخدرة","       44037","بلاغ جنائي"
"2020-04-12 03:57:02","مقلقة","dangerous","Jose Mendoza","خوسيه ميندوزا","القيادة أثناء سحب الرخصة","       44037","بلاغ جنائي"
"2025-12-12 18:40:02","غير مقلقة","dangerous","Jose Mendoza","خوسيه ميندوزا","مخالفة الأنظمة الجمركية","       44037","بلاغ جنائي"
"","","medium","Salama Al Marri","سلامة المري","","      544525","بدون البلاغات الجنائية"
"2019-03-07 07:36:02","غير مقلقة","dangerous","Rahman Miah","رحمن ميا","التعدي على الأملاك الخاصة","       81898","بلاغ جنائي"
"","","medium","Andrew Johnson","أندرو جونسون","","    82953350","بدون البلاغات الجنائية"
"","","medium","Muhammad Sheikh","محمد شيخ","","     6086939","بدون البلاغات الجنائية"
"","","medium","Asif Qureshi","آصف قريشي","","    91994931","بدون البلاغات الجنائية"
"","","low","Rashid Darwish","راشد درويش","","      276209","بدون البلاغات الجنائية"
"","","low","Salem Awad","سالم عوض","","    29238905","بدون البلاغات الجنائية"
"","","low","Nazrul Islam","نذرول إسلام","","     2185344","بدون البلاغات الجنائية"
"","","low","Deepak Sharma","ديباك شارما","","      345718","بدون البلاغات الجنائية"
"2023-06-27 08:18:05","غير مقلقة","medium","Neha Menon","نيها مينون","السب والقذف","    73996959","بلاغ جنائي"
"","","medium","Sunil Menon","سونيل مينون","","     5498494","بدون البلاغات الجنائية"
"","","dangerous","Carlo Cruz","كارلو كروز","","    55665597","بدون البلاغات الجنائية"
"","","medium","Faruk Uddin","فاروق الدين","","    53640910","بدون البلاغات الجنائية"
"","","low","Hassan Awad","حسن عوض","","     4374166","بدون البلاغات الجنائية"
"","","medium","Usman Chaudhry","عثمان تشودري","","    35203587","بدون البلاغات الجنائية"
"","","low","Ahmed Haddad","أحمد حداد","","    96143202","بدون البلاغات الجنائية"
"","","low","Obaid Al Marri","عبيد المري","","       36644","بدون البلاغات الجنائية"
"2025-07-28 00:33:53","مقلقة","highly dangerous","John Bautista","جون باوتيستا","غسل الأموال","    75757482","بلاغ جنائي"
"2020-11-09 08:39:44","مقلقة","highly dangerous","John Bautista","جون باوتيستا","تعاطي مواد مخدرة","    75757482","بلاغ جنائي"
"2020-03-07 08:37:12","غير مقلقة","low","Fahad Mansour","فهد منصور","إلحاق الضرر العمدي بالممتلكات","      624434","بلاغ جنائي"
"","","highly dangerous","Youssef Nassar","يوسف نصار","","    65381138","بدون البلاغات الجنائية"
"","","low","Ramon Ramos","رامون راموس","","    38813368","بدون البلاغات الجنائية"
"","","low","Rahman Chowdhury","رحمن شودري","","    96658911","بدون البلاغات الجنائية"
"","","dangerous","Omar Mahmoud","عمر محمود","","       29460","بدون البلاغات الجنائية"
"2019-06-18 09:02:09","مقلقة","highly dangerous","Deepa Verma","ديبا فيرما","الاعتداء بالضرب المفضي إلى إصابة","    58221338","بلاغ جنائي"
"2023-01-24 16:40:01","مقلقة","medium","Faruk Ali","فاروق علي","الدخول للبلاد بطريقة غير مشروعة","       59447","بلاغ جنائي"
"2023-11-11 00:09:52","غير مقلقة","medium","Faruk Ali","فاروق علي","القيادة برخصة منتهية","       59447","بلاغ جنائي"
"","","medium","Meena Sharma","مينا شارما","","    45066763","بدون البلاغات الجنائية"
"","","low","Kavita Rao","كافيتا راو","","    54177118","بدون البلاغات الجنائية"
"","","low","Sultan Al Muhairi","سلطان المهيري","","    30862026","بدون البلاغات الجنائية"
"","","dangerous","Saeed Mahmoud","سعيد محمود","","    83235441","بدون البلاغات الجنائية"
"","","dangerous","Asif Sheikh","آصف شيخ","","    22375311","بدون البلاغات الجنائية"
"","","low","Shahin Hossain","شاهين حسين","","    67306521","بدون البلاغات الجنائية"
"","","dangerous","Ibrahim Mansour","إبراهيم منصور","","      483902","بدون البلاغات الجنائية"
"","","medium","Nazrul Islam","نذرول إسلام","","      190080","بدون البلاغات الجنائية"
"","","low","Adnan Raza","عدنان رضا","","       30911","بدون البلاغات الجنائية"
"2020-12-04 01:42:43","غير مقلقة","medium","Muhammad Raza","محمد رضا","مخالفة قيود الإقامة","    85415896","بلاغ جنائي"
"2019-11-09 21:16:38","مقلقة","medium","Muhammad Raza","محمد رضا","التستر على مطلوب للعدالة","    85415896","بلاغ جنائي"
"","","medium","Neha Iyer","نيها آير","","      586927","بدون البلاغات الجنائية"
"","","low","Dipak Shrestha","ديباك شريستا","","    43916312","بدون البلاغات الجنائية"
"2022-07-26 16:01:22","مقلقة","highly dangerous","Ramesh Patel","راميش باتيل","غسل الأموال","     6534371","بلاغ جنائي"
"2021-04-20 11:38:27","غير مقلقة","highly dangerous","Ramesh Patel","راميش باتيل","مخالفة قيود الإقامة","     6534371","بلاغ جنائي"
"2022-10-01 16:45:40","مقلقة","highly dangerous","Ramesh Patel","راميش باتيل","حيازة مواد مخدرة","     6534371","بلاغ جنائي"
"2021-03-10 14:21:02","مقلقة","highly dangerous","Ramesh Patel","راميش باتيل","مقاومة رجال السلطة","     6534371","بلاغ جنائي"
"2023-12-22 12:17:33","مقلقة","highly dangerous","Ramesh Patel","راميش باتيل","التزوير في اللوحات","     6534371","بلاغ جنائي"
"2021-07-16 03:16:28","مقلقة","highly dangerous","Ramesh Patel","راميش باتيل","السرقة","     6534371","بلاغ جنائي"
"","","low","Ramon Ramos","رامون راموس","","     2185357","بدون البلاغات الجنائية"
"","","medium","Al Ain Farms Transport","مزارع العين للنقل","","     2519738","بدون البلاغات الجنائية"
"","","low","Saeed Awad","سعيد عوض","","    33831219","بدون البلاغات الجنائية"
"","","medium","Green Line Buses","الخط الأخضر للباصات","","      302883","بدون البلاغات الجنائية"
"","","low","Shahin Chowdhury","شاهين شودري","","    92459721","بدون البلاغات الجنائية"
"","","medium","Omar Al Dhaheri","عمر الظاهري","","      493165","بدون البلاغات الجنائية"
"","","highly dangerous","Abdullah Kamal","عبدالله كمال","","    82724032","بدون البلاغات الجنائية"
"","","medium","Sanjay Singh","سانجاي سينغ","","    82505133","بدون البلاغات الجنائية"
"2023-02-28 21:44:30","مقلقة","highly dangerous","Jahangir Chowdhury","جهانغير شودري","حيازة سلاح ناري غير مرخص","      262765","بلاغ جنائي"
"2020-11-19 19:33:44","غير مقلقة","highly dangerous","Jahangir Chowdhury","جهانغير شودري","التهديد","      262765","بلاغ جنائي"
"2024-10-31 22:16:25","مقلقة","highly dangerous","Manoj Kumar","مانوج كومار","عدم الالتزام بالإقامة الجبرية","      572410","بلاغ جنائي"
"2020-07-31 01:57:52","مقلقة","highly dangerous","Manoj Kumar","مانوج كومار","التزوير في اللوحات","      572410","بلاغ جنائي"
"","","dangerous","Anil Nair","أنيل ناير","","       32050","بدون البلاغات الجنائية"
"2024-06-06 21:49:37","مقلقة","medium","Ahmed Al Suwaidi","أحمد السويدي","الابتزاز الإلكتروني","     6055433","بلاغ جنائي"
"2023-05-03 13:41:54","مقلقة","medium","Ahmed Al Suwaidi","أحمد السويدي","الرشوة","     6055433","بلاغ جنائي"
"","","medium","Asif Butt","آصف بت","","    56799126","بدون البلاغات الجنائية"
"2024-05-17 10:54:24","غير مقلقة","highly dangerous","Nasser Saleh","ناصر صالح","التلاعب في عداد المسافات","    29349584","بلاغ جنائي"
"2021-04-03 10:11:25","مقلقة","highly dangerous","Nasser Saleh","ناصر صالح","النصب والاحتيال","    29349584","بلاغ جنائي"
"2024-04-29 12:13:42","غير مقلقة","dangerous","Ali Al Ghafri","علي الغافري","القيادة برخصة منتهية","    45928034","بلاغ جنائي"
"2026-02-21 08:01:58","مقلقة","dangerous","Ali Al Ghafri","علي الغافري","مقاومة رجال السلطة","    45928034","بلاغ جنائي"
"2019-05-21 12:17:03","مقلقة","dangerous","Ali Al Ghafri","علي الغافري","القيادة بتهور","    45928034","بلاغ جنائي"
"","","low","Ravi Singh","رافي سينغ","","       88922","بدون البلاغات الجنائية"
"","","medium","Juma Al Mansoori","جمعة المنصوري","","    36290836","بدون البلاغات الجنائية"
"2024-05-27 08:54:45","غير مقلقة","dangerous","Green Line Buses","الخط الأخضر للباصات","التهديد","    77236134","بلاغ جنائي"
"2026-07-07 21:13:09","غير مقلقة","dangerous","Green Line Buses","الخط الأخضر للباصات","القيادة بلا لوحات","    77236134","بلاغ جنائي"
"2020-07-08 06:16:49","غير مقلقة","dangerous","Green Line Buses","الخط الأخضر للباصات","تجاوز الإشارة الحمراء بشكل متكرر","    77236134","بلاغ جنائي"
"","","dangerous","Bahadur Magar","بهادر ماغار","","       37410","بدون البلاغات الجنائية"
"","","low","Gulf Rent A Car","الخليج لتأجير السيارات","","    34267995","بدون البلاغات الجنائية"
"2019-10-07 07:36:44","مقلقة","highly dangerous","Ali Nassar","علي نصار","القيادة بسرعة جنونية","    37641652","بلاغ جنائي"
"2025-10-21 18:49:46","مقلقة","highly dangerous","Ali Nassar","علي نصار","عدم الالتزام بالإقامة الجبرية","    37641652","بلاغ جنائي"
"2024-02-05 02:58:56","مقلقة","medium","Nazrul Uddin","نذرول الدين","الاعتداء بالضرب المفضي إلى إصابة","    79178617","بلاغ جنائي"
"2022-01-01 11:33:12","مقلقة","dangerous","Juma Mahmoud","جمعة محمود","الشروع في السرقة","     4261091","بلاغ جنائي"
"2026-03-22 12:55:28","غير مقلقة","dangerous","Juma Mahmoud","جمعة محمود","القيادة بدون رخصة قيادة","     4261091","بلاغ جنائي"
"2020-09-11 08:07:09","مقلقة","dangerous","Juma Mahmoud","جمعة محمود","التستر على مطلوب للعدالة","     4261091","بلاغ جنائي"
"","","low","Kamal Chowdhury","كمال شودري","","     9993740","بدون البلاغات الجنائية"
"","","medium","Ravi Gupta","رافي غوبتا","","       83956","بدون البلاغات الجنائية"
"2024-01-28 10:05:37","غير مقلقة","medium","Prakash Shrestha","براكاش شريستا","القيادة بدون تأمين ساري","    23801467","بلاغ جنائي"
"2019-02-14 03:15:16","غير مقلقة","low","Omar Al Falasi","عمر الفلاسي","إتلاف ممتلكات عامة","     8092871","بلاغ جنائي"
"2024-06-10 20:29:58","مقلقة","dangerous","Imran Iqbal","عمران إقبال","حيازة سلاح ناري غير مرخص","      155866","بلاغ جنائي"
"2021-02-08 02:56:54","مقلقة","dangerous","Imran Iqbal","عمران إقبال","غسل الأموال","      155866","بلاغ جنائي"
"2023-11-29 04:23:23","مقلقة","dangerous","Imran Iqbal","عمران إقبال","حيازة مواد مخدرة","      155866","بلاغ جنائي"
"","","medium","Shahin Islam","شاهين إسلام","","    92832566","بدون البلاغات الجنائية"
"2024-06-15 07:07:08","غير مقلقة","dangerous","Zayed Al Balushi","زايد البلوشي","نقل ركاب بدون تصريح","    93719924","بلاغ جنائي"
"","","dangerous","Dubai Taxi Corporation","مؤسسة دبي للتاكسي","","      483466","بدون البلاغات الجنائية"
"","","dangerous","Sunil Fernando","سونيل فرناندو","","       53608","بدون البلاغات الجنائية"
"","","low","Arun Iyer","أرون آير","","    11759021","بدون البلاغات الجنائية"
"","","highly dangerous","Andrew Taylor","أندرو تايلور","","    64545945","بدون البلاغات الجنائية"
"","","low","Asif Ahmed","آصف أحمد","","    71154504","بدون البلاغات الجنائية"
"2025-03-27 22:46:13","مقلقة","highly dangerous","Fahad Fahmy","فهد فهمي","غسل الأموال","       28222","بلاغ جنائي"
"2021-02-05 21:36:51","مقلقة","highly dangerous","Fahad Fahmy","فهد فهمي","الاتجار بالمواد المخدرة","       28222","بلاغ جنائي"
"2024-11-18 11:28:07","مقلقة","highly dangerous","Fahad Fahmy","فهد فهمي","قيادة مركبة مسروقة","       28222","بلاغ جنائي"
"2019-04-21 09:12:19","مقلقة","highly dangerous","Fahad Fahmy","فهد فهمي","الابتزاز الإلكتروني","       28222","بلاغ جنائي"
"2024-03-01 06:18:22","مقلقة","highly dangerous","Fahad Fahmy","فهد فهمي","التحرش","       28222","بلاغ جنائي"
"","","low","Nasser Awad","ناصر عوض","","    93142872","بدون البلاغات الجنائية"
"","","low","Amna Kamal","آمنة كمال","","    65782009","بدون البلاغات الجنائية"
"","","low","Nazrul Ali","نذرول علي","","    20385760","بدون البلاغات الجنائية"
"2019-01-02 15:59:41","مقلقة","medium","Sultan Al Muhairi","سلطان المهيري","القيادة تحت تأثير الكحول","     4994795","بلاغ جنائي"
"2021-08-17 05:46:53","مقلقة","low","Shahin Chowdhury","شاهين شودري","القيادة بسرعة جنونية","    51039317","بلاغ جنائي"
"","","medium","Ibrahim Al Muhairi","إبراهيم المهيري","","      623537","بدون البلاغات الجنائية"
"2019-11-27 22:01:21","غير مقلقة","dangerous","Prakash Das","براكاش داس","إثارة الشغب","     9829579","بلاغ جنائي"
"","","low","Hussein Al Nuaimi","حسين النعيمي","","      769037","بدون البلاغات الجنائية"
"","","medium","Hind Abdelrahman","هند عبدالرحمن","","    98905449","بدون البلاغات الجنائية"
"","","low","Ibrahim Al Ali","إبراهيم العلي","","      928232","بدون البلاغات الجنائية"
"","","low","Al Wathba Trading","الوثبة للتجارة","","    89455035","بدون البلاغات الجنائية"
"","","dangerous","Asif Qureshi","آصف قريشي","","     6805735","بدون البلاغات الجنائية"
"","","low","Hamdan Ali","حمدان علي","","    68357184","بدون البلاغات الجنائية"
"","","medium","Prakash Shah","براكاش شاه","","      892437","بدون البلاغات الجنائية"
"2019-12-12 05:37:56","غير مقلقة","medium","Mahmoud Al Ketbi","محمود الكتبي","التعدي على الأملاك الخاصة","    65321928","بلاغ جنائي"
"2021-01-22 20:38:03","غير مقلقة","medium","Mahmoud Al Ketbi","محمود الكتبي","خيانة الأمانة","    65321928","بلاغ جنائي"
"","","dangerous","Omar Al Suwaidi","عمر السويدي","","     8208915","بدون البلاغات الجنائية"
"2019-02-22 05:36:30","مقلقة","highly dangerous","Suman Limbu","سومان ليمبو","الرشوة","    37700347","بلاغ جنائي"
"2022-02-20 04:31:50","مقلقة","highly dangerous","Suman Limbu","سومان ليمبو","التستر على مطلوب للعدالة","    37700347","بلاغ جنائي"
"2019-03-19 05:28:11","غير مقلقة","dangerous","Vijay Verma","فيجاي فيرما","القيادة برخصة منتهية","       40907","بلاغ جنائي"
"2024-08-13 07:19:25","غير مقلقة","medium","Mahmoud Haddad","محمود حداد","القيادة بلا لوحات","      507166","بلاغ جنائي"
"2019-09-19 21:59:53","غير مقلقة","medium","Mahmoud Haddad","محمود حداد","مخالفة اشتراطات النقل","      507166","بلاغ جنائي"
"2021-05-25 23:41:36","غير مقلقة","medium","Mahmoud Haddad","محمود حداد","مخالفة اشتراطات النقل","      507166","بلاغ جنائي"
"2022-04-28 16:05:02","مقلقة","dangerous","Prakash Shah","براكاش شاه","الاعتداء على موظف عام أثناء تأدية عمله","    87810906","بلاغ جنائي"
"","","highly dangerous","Youssef Kamal","يوسف كمال","","    75843734","بدون البلاغات الجنائية"
"2024-04-15 14:47:12","مقلقة","medium","Faisal Raza","فيصل رضا","حيازة مواد مخدرة","      807920","بلاغ جنائي"
"2023-10-22 08:38:35","غير مقلقة","medium","Faisal Raza","فيصل رضا","مخالفة قيود الإقامة","      807920","بلاغ جنائي"
"","","low","Khalid Al Hammadi","خالد الحمادي","","     1151114","بدون البلاغات الجنائية"
"","","low","Saeed Al Mansoori","سعيد المنصوري","","     2291429","بدون البلاغات الجنائية"
"","","low","Reem Mansour","ريم منصور","","       85121","بدون البلاغات الجنائية"
"","","low","Ram Magar","رام ماغار","","     9093422","بدون البلاغات الجنائية"
"","","highly dangerous","Thomas Davis","توماس ديفيس","","    76930760","بدون البلاغات الجنائية"
"","","low","Karim Ali","كريم علي","","    80906176","بدون البلاغات الجنائية"
"2023-05-21 02:43:34","غير مقلقة","dangerous","Emirates Transport","مواصلات الإمارات","القيادة بدون رخصة قيادة","      430448","بلاغ جنائي"
"","","medium","Reem Al Falasi","ريم الفلاسي","","       23993","بدون البلاغات الجنائية"
"2021-12-27 00:07:12","غير مقلقة","medium","Youssef Al Suwaidi","يوسف السويدي","نقل ركاب بدون تصريح","      775285","بلاغ جنائي"
"","","low","Imran Malik","عمران مالك","","     5652979","بدون البلاغات الجنائية"
"","","medium","Asha Verma","آشا فيرما","","      437821","بدون البلاغات الجنائية"
"","","low","Wadha Ali","وضحة علي","","      119839","بدون البلاغات الجنائية"
"","","low","Muhammad Chaudhry","محمد تشودري","","       94201","بدون البلاغات الجنائية"
"","","highly dangerous","Asif Qureshi","آصف قريشي","","    13350738","بدون البلاغات الجنائية"
"","","medium","Dubai Taxi Corporation","مؤسسة دبي للتاكسي","","    26525293","بدون البلاغات الجنائية"
"2022-07-05 11:41:43","مقلقة","highly dangerous","Rashid Zaki","راشد زكي","انتحال صفة","    31426497","بلاغ جنائي"
"2019-06-05 03:54:19","غير مقلقة","dangerous","Juma Mahmoud","جمعة محمود","القيادة بدون تأمين ساري","    48539335","بلاغ جنائي"
"","","low","Kiran Rao","كيران راو","","       54606","بدون البلاغات الجنائية"
"","","dangerous","Hamdan Al Marri","حمدان المري","","      483166","بدون البلاغات الجنائية"
"2022-06-26 19:47:50","غير مقلقة","dangerous","Kasun Jayawardena","كاسون جاياواردينا","إلحاق الضرر العمدي بالممتلكات","      211935","بلاغ جنائي"
"","","low","Mansoor Al Suwaidi","منصور السويدي","","     8887156","بدون البلاغات الجنائية"
"","","low","Mansoor Al Mansoori","منصور المنصوري","","      362157","بدون البلاغات الجنائية"
"","","medium","Hassan Al Mazrouei","حسن المزروعي","","     4674479","بدون البلاغات الجنائية"
"2020-04-15 06:58:25","مقلقة","dangerous","Faruk Hossain","فاروق حسين","التزوير في اللوحات","    27320404","بلاغ جنائي"
"","","low","Abdul Chowdhury","عبدال شودري","","      888543","بدون البلاغات الجنائية"
"","","low","Pooja Sharma","بوجا شارما","","    55168089","بدون البلاغات الجنائية"
"","","low","Salem Al Balushi","سالم البلوشي","","    61177074","بدون البلاغات الجنائية"
"2020-11-16 19:22:32","غير مقلقة","medium","Ravi Iyer","رافي آير","مخالفة قيود الإقامة","    19212545","بلاغ جنائي"
"","","medium","Rekha Reddy","ريخا ريدي","","    28070544","بدون البلاغات الجنائية"
"","","dangerous","Youssef Mansour","يوسف منصور","","      871082","بدون البلاغات الجنائية"
"","","low","Falcon Heavy Equipment","الصقر للمعدات الثقيلة","","    71884764","بدون البلاغات الجنائية"
"2022-03-04 18:21:19","غير مقلقة","medium","Al Naboodah Transport","النابودة للنقل","إثارة الشغب","      458419","بلاغ جنائي"
"2022-09-03 17:49:39","مقلقة","medium","Al Naboodah Transport","النابودة للنقل","عرقلة سير العدالة","      458419","بلاغ جنائي"
"2024-12-17 10:45:46","مقلقة","highly dangerous","John Mendoza","جون ميندوزا","السرقة","    59926604","بلاغ جنائي"
"2023-03-29 06:15:52","مقلقة","highly dangerous","John Mendoza","جون ميندوزا","انتحال صفة","    59926604","بلاغ جنائي"
"2021-03-22 10:53:05","مقلقة","highly dangerous","John Mendoza","جون ميندوزا","تعاطي مواد مخدرة","    59926604","بلاغ جنائي"
"","","low","Michael Reyes","مايكل رييس","","     4852846","بدون البلاغات الجنائية"
"","","low","Amna Mansour","آمنة منصور","","    78325908","بدون البلاغات الجنائية"
"","","highly dangerous","Rey Aquino","ري أكينو","","    86506383","بدون البلاغات الجنائية"
"2024-07-18 13:06:32","غير مقلقة","dangerous","Anita Pillai","أنيتا بيلاي","التهديد","    75656340","بلاغ جنائي"
"2020-04-15 02:39:44","مقلقة","dangerous","Anita Pillai","أنيتا بيلاي","الاعتداء بالضرب المفضي إلى إصابة","    75656340","بلاغ جنائي"
"2025-08-08 11:22:30","مقلقة","dangerous","Anita Pillai","أنيتا بيلاي","التزوير في محرر رسمي","    75656340","بلاغ جنائي"
"2025-02-28 16:38:19","غير مقلقة","dangerous","Anita Pillai","أنيتا بيلاي","إصدار شيك بدون رصيد","    75656340","بلاغ جنائي"
"2026-05-15 01:43:04","مقلقة","dangerous","Anita Pillai","أنيتا بيلاي","النصب والاحتيال","    75656340","بلاغ جنائي"
"2023-06-29 22:05:52","مقلقة","dangerous","Anita Pillai","أنيتا بيلاي","التزوير في محرر رسمي","    75656340","بلاغ جنائي"
"","","highly dangerous","Abdullah Darwish","عبدالله درويش","","      644583","بدون البلاغات الجنائية"
"","","dangerous","Adnan Khan","عدنان خان","","    40117862","بدون البلاغات الجنائية"
"","","low","Deepak Verma","ديباك فيرما","","    90207793","بدون البلاغات الجنائية"
"","","dangerous","Zayed Zaki","زايد زكي","","     5011580","بدون البلاغات الجنائية"
"","","low","Mohammed Saleh","محمد صالح","","    72930122","بدون البلاغات الجنائية"
"","","low","Imran Butt","عمران بت","","    47166935","بدون البلاغات الجنائية"
"","","medium","John Garcia","جون غارسيا","","     4997094","بدون البلاغات الجنائية"
"","","low","Waseem Iqbal","وسيم إقبال","","    74996709","بدون البلاغات الجنائية"
"","","low","Ibrahim Al Mansoori","إبراهيم المنصوري","","    62352423","بدون البلاغات الجنائية"
"","","low","Amit Iyer","أميت آير","","    50302810","بدون البلاغات الجنائية"
"2021-10-10 00:31:33","مقلقة","dangerous","Muhammad Chaudhry","محمد تشودري","الاعتداء بالضرب المفضي إلى إصابة","    33043383","بلاغ جنائي"
"2023-06-20 23:50:20","مقلقة","dangerous","Muhammad Chaudhry","محمد تشودري","انتحال صفة","    33043383","بلاغ جنائي"
"2025-10-17 00:38:17","غير مقلقة","dangerous","Muhammad Chaudhry","محمد تشودري","إلحاق الضرر العمدي بالممتلكات","    33043383","بلاغ جنائي"
"2022-07-10 17:41:00","غير مقلقة","dangerous","Muhammad Chaudhry","محمد تشودري","إثارة الشغب","    33043383","بلاغ جنائي"
"","","dangerous","Faruk Ali","فاروق علي","","    69109333","بدون البلاغات الجنائية"
"","","medium","Arun Gupta","أرون غوبتا","","    85204782","بدون البلاغات الجنائية"
"","","low","Sultan Nassar","سلطان نصار","","    37153239","بدون البلاغات الجنائية"
"","","low","Adnan Khan","عدنان خان","","    73578371","بدون البلاغات الجنائية"
"","","low","Muhammad Raza","محمد رضا","","    38564286","بدون البلاغات الجنائية"
"2021-11-05 02:02:38","مقلقة","dangerous","Khalid Nassar","خالد نصار","التحرش","    77542602","بلاغ جنائي"
"","","low","Zeeshan Malik","زيشان مالك","","      224831","بدون البلاغات الجنائية"
"2023-10-06 14:27:49","غير مقلقة","highly dangerous","Aisha Hassan","عائشة حسن","القيادة بلا لوحات","    56287425","بلاغ جنائي"
"2019-07-23 23:07:46","غير مقلقة","highly dangerous","Aisha Hassan","عائشة حسن","التعدي على الأملاك الخاصة","    56287425","بلاغ جنائي"
"2019-04-13 18:16:49","مقلقة","highly dangerous","Aisha Hassan","عائشة حسن","التفحيط وتعريض الأرواح للخطر","    56287425","بلاغ جنائي"
"2020-12-09 04:42:38","مقلقة","highly dangerous","Aisha Hassan","عائشة حسن","مقاومة رجال السلطة","    56287425","بلاغ جنائي"
"2025-03-18 02:57:39","مقلقة","highly dangerous","Ahmed Saleh","أحمد صالح","حيازة مواد مخدرة","     6362201","بلاغ جنائي"
"2023-08-27 12:41:42","مقلقة","highly dangerous","Ahmed Saleh","أحمد صالح","عدم الالتزام بالإقامة الجبرية","     6362201","بلاغ جنائي"
"2019-01-06 03:42:24","مقلقة","highly dangerous","Hassan Darwish","حسن درويش","القيادة بسرعة جنونية","     4447546","بلاغ جنائي"
"","","low","Faruk Hossain","فاروق حسين","","    26611903","بدون البلاغات الجنائية"
"2023-09-01 00:36:25","مقلقة","highly dangerous","Amit Das","أميت داس","القيادة بسرعة جنونية","      214281","بلاغ جنائي"
"2019-09-01 19:51:37","غير مقلقة","highly dangerous","Amit Das","أميت داس","إثارة الشغب","      214281","بلاغ جنائي"
"2020-01-18 20:53:21","مقلقة","highly dangerous","Amit Das","أميت داس","التستر على مطلوب للعدالة","      214281","بلاغ جنائي"
"2025-09-19 21:40:31","مقلقة","highly dangerous","Mahmoud Nassar","محمود نصار","التزوير في اللوحات","       81583","بلاغ جنائي"
"2023-01-29 06:42:23","غير مقلقة","highly dangerous","Mahmoud Nassar","محمود نصار","مخالفة اشتراطات النقل","       81583","بلاغ جنائي"
"2019-02-19 14:09:03","غير مقلقة","highly dangerous","Mahmoud Nassar","محمود نصار","إلحاق الضرر العمدي بالممتلكات","       81583","بلاغ جنائي"
"2023-12-14 20:41:51","غير مقلقة","low","Saeed Mahmoud","سعيد محمود","القيادة بلا لوحات","    40596637","بلاغ جنائي"
"","","medium","Abdullah Darwish","عبدالله درويش","","    59069936","بدون البلاغات الجنائية"
"2019-03-07 02:34:02","مقلقة","medium","Asif Raza","آصف رضا","النصب والاحتيال","     9270076","بلاغ جنائي"
"2026-05-27 20:33:13","غير مقلقة","medium","Asif Raza","آصف رضا","القيادة بلا لوحات","     9270076","بلاغ جنائي"
"2026-02-17 08:07:01","غير مقلقة","medium","Asif Raza","آصف رضا","مخالفة قيود الإقامة","     9270076","بلاغ جنائي"
"","","low","Abdullah Abdelrahman","عبدالله عبدالرحمن","","    70169286","بدون البلاغات الجنائية"
"2020-02-19 01:37:27","مقلقة","dangerous","Youssef Al Qubaisi","يوسف القبيسي","حيازة مواد مخدرة","       41111","بلاغ جنائي"
"2024-01-02 10:35:14","غير مقلقة","dangerous","Youssef Al Qubaisi","يوسف القبيسي","إصدار شيك بدون رصيد","       41111","بلاغ جنائي"
"2021-04-09 20:23:42","مقلقة","dangerous","Youssef Al Qubaisi","يوسف القبيسي","التستر على مطلوب للعدالة","       41111","بلاغ جنائي"
"2023-07-09 08:19:37","مقلقة","dangerous","Youssef Al Qubaisi","يوسف القبيسي","القيادة بتهور","       41111","بلاغ جنائي"
"2023-09-24 23:06:42","مقلقة","dangerous","Youssef Al Qubaisi","يوسف القبيسي","مقاومة رجال السلطة","       41111","بلاغ جنائي"
"2022-07-20 14:15:33","مقلقة","dangerous","Youssef Al Qubaisi","يوسف القبيسي","التفحيط وتعريض الأرواح للخطر","       41111","بلاغ جنائي"
"","","dangerous","Anil Sharma","أنيل شارما","","    14356952","بدون البلاغات الجنائية"
"","","low","Muhammad Ahmed","محمد أحمد","","      982111","بدون البلاغات الجنائية"
"","","low","National Cement Company","شركة الأسمنت الوطنية","","      715575","بدون البلاغات الجنائية"
"2022-12-04 11:00:49","غير مقلقة","highly dangerous","Muhammad Sheikh","محمد شيخ","مخالفة اشتراطات النقل","    24677941","بلاغ جنائي"
"2022-06-16 13:33:16","مقلقة","highly dangerous","Muhammad Sheikh","محمد شيخ","القيادة بسرعة جنونية","    24677941","بلاغ جنائي"
"2023-10-09 05:30:15","مقلقة","highly dangerous","Muhammad Sheikh","محمد شيخ","حيازة ممنوعات","    24677941","بلاغ جنائي"
"2020-05-04 22:49:57","مقلقة","highly dangerous","Muhammad Sheikh","محمد شيخ","النصب والاحتيال","    24677941","بلاغ جنائي"
"2025-03-02 18:00:52","مقلقة","highly dangerous","Muhammad Sheikh","محمد شيخ","الشروع في السرقة","    24677941","بلاغ جنائي"
"2025-11-17 12:03:36","مقلقة","highly dangerous","Muhammad Sheikh","محمد شيخ","التزوير في اللوحات","    24677941","بلاغ جنائي"
"2020-12-29 00:41:07","غير مقلقة","low","Suresh Sharma","سوريش شارما","تجاوز الإشارة الحمراء بشكل متكرر","      347054","بلاغ جنائي"
"2022-05-16 20:45:25","غير مقلقة","low","Suresh Sharma","سوريش شارما","القيادة بلا لوحات","      347054","بلاغ جنائي"
"2024-03-03 06:18:14","غير مقلقة","low","Suresh Sharma","سوريش شارما","القيادة بدون تأمين ساري","      347054","بلاغ جنائي"
"2021-10-15 09:21:10","مقلقة","low","Suresh Sharma","سوريش شارما","التزوير في اللوحات","      347054","بلاغ جنائي"
"2021-07-16 18:40:10","غير مقلقة","low","Suresh Sharma","سوريش شارما","القيادة برخصة منتهية","      347054","بلاغ جنائي"
"","","low","Amit Sharma","أميت شارما","","    96200923","بدون البلاغات الجنائية"
"","","medium","Shahin Ali","شاهين علي","","    71557435","بدون البلاغات الجنائية"
"2019-05-19 19:44:53","غير مقلقة","dangerous","Hussein Kamal","حسين كمال","التعدي على الأملاك الخاصة","    59522499","بلاغ جنائي"
"2020-02-13 05:56:38","غير مقلقة","dangerous","Hussein Kamal","حسين كمال","السب والقذف","    59522499","بلاغ جنائي"
"2023-07-24 05:45:09","غير مقلقة","dangerous","Hussein Kamal","حسين كمال","إثارة الشغب","    59522499","بلاغ جنائي"
"2023-10-12 00:37:26","غير مقلقة","medium","Juma Al Suwaidi","جمعة السويدي","التلاعب في عداد المسافات","      844875","بلاغ جنائي"
"","","dangerous","Imran Raza","عمران رضا","","    36750122","بدون البلاغات الجنائية"
"","","medium","Mona Kamal","منى كمال","","    38005954","بدون البلاغات الجنائية"
"2026-06-23 12:59:30","مقلقة","highly dangerous","Mansoor Al Shamsi","منصور الشامسي","الشروع في السرقة","       56145","بلاغ جنائي"
"2026-03-31 18:34:00","مقلقة","highly dangerous","Mansoor Al Shamsi","منصور الشامسي","غسل الأموال","       56145","بلاغ جنائي"
"2020-07-30 03:50:14","غير مقلقة","dangerous","Cristina Mendoza","كريستينا ميندوزا","إثارة الشغب","    62806252","بلاغ جنائي"
"2024-07-30 04:13:48","غير مقلقة","dangerous","Cristina Mendoza","كريستينا ميندوزا","التعدي على الأملاك الخاصة","    62806252","بلاغ جنائي"
"2019-01-23 21:55:18","غير مقلقة","dangerous","Cristina Mendoza","كريستينا ميندوزا","خيانة الأمانة","    62806252","بلاغ جنائي"
"2025-03-14 03:39:22","مقلقة","dangerous","Cristina Mendoza","كريستينا ميندوزا","عدم الالتزام بالإقامة الجبرية","    62806252","بلاغ جنائي"
"2020-11-07 19:21:20","مقلقة","dangerous","Cristina Mendoza","كريستينا ميندوزا","القيادة بسرعة جنونية","    62806252","بلاغ جنائي"
"2022-10-24 01:26:42","غير مقلقة","medium","Zayed Mahmoud","زايد محمود","إتلاف ممتلكات عامة","      883487","بلاغ جنائي"
"2024-03-05 11:30:12","غير مقلقة","medium","Zayed Mahmoud","زايد محمود","التعدي على الأملاك الخاصة","      883487","بلاغ جنائي"
"2025-07-24 13:05:37","مقلقة","medium","Kamran Raza","كامران رضا","التفحيط وتعريض الأرواح للخطر","    82764931","بلاغ جنائي"
"2026-03-18 19:21:28","غير مقلقة","medium","Kamran Raza","كامران رضا","القيادة بلا لوحات","    82764931","بلاغ جنائي"
"2022-08-23 17:00:24","مقلقة","medium","Kamran Raza","كامران رضا","التحرش","    82764931","بلاغ جنائي"
"","","highly dangerous","Sara Fahmy","سارة فهمي","","    19263986","بدون البلاغات الجنائية"
"2019-06-15 14:30:13","مقلقة","highly dangerous","Zeeshan Qureshi","زيشان قريشي","التحرش","    82189229","بلاغ جنائي"
"2022-03-22 21:56:32","مقلقة","highly dangerous","Zeeshan Qureshi","زيشان قريشي","النصب والاحتيال","    82189229","بلاغ جنائي"
"","","low","Obaid Al Mazrouei","عبيد المزروعي","","       89168","بدون البلاغات الجنائية"
"","","medium","Saeed Mahmoud","سعيد محمود","","    35066048","بدون البلاغات الجنائية"
"","","dangerous","Zeeshan Qureshi","زيشان قريشي","","    75358833","بدون البلاغات الجنائية"
"2024-05-07 12:24:40","غير مقلقة","medium","Ramesh Sharma","راميش شارما","إثارة الشغب","    11855908","بلاغ جنائي"
"2021-11-14 11:56:13","غير مقلقة","medium","Ramesh Sharma","راميش شارما","القيادة بلا لوحات","    11855908","بلاغ جنائي"
"2020-06-01 22:59:24","غير مقلقة","medium","Ramesh Sharma","راميش شارما","إتلاف ممتلكات عامة","    11855908","بلاغ جنائي"
"2026-02-03 14:51:41","غير مقلقة","medium","Ramesh Sharma","راميش شارما","السب والقذف","    11855908","بلاغ جنائي"
"2021-12-03 15:24:39","غير مقلقة","medium","Ramesh Sharma","راميش شارما","مخالفة قيود الإقامة","    11855908","بلاغ جنائي"
"","","low","Krishna Shrestha","كريشنا شريستا","","     9191545","بدون البلاغات الجنائية"
"","","low","Maria Ramos","ماريا راموس","","    54551051","بدون البلاغات الجنائية"
"","","low","Ramesh Pillai","راميش بيلاي","","    73217871","بدون البلاغات الجنائية"
"","","low","Asha Singh","آشا سينغ","","      427724","بدون البلاغات الجنائية"
"2024-09-26 07:11:11","غير مقلقة","highly dangerous","Kamal Rahman","كمال رحمن","إثارة الشغب","    21257613","بلاغ جنائي"
"","","dangerous","Ravi Singh","رافي سينغ","","    65539272","بدون البلاغات الجنائية"
"2019-04-26 07:55:25","غير مقلقة","dangerous","Al Ain Farms Transport","مزارع العين للنقل","تجاوز الإشارة الحمراء بشكل متكرر","    77283710","بلاغ جنائي"
"2022-11-20 23:54:32","غير مقلقة","dangerous","Al Ain Farms Transport","مزارع العين للنقل","خيانة الأمانة","    77283710","بلاغ جنائي"
"2023-10-30 19:10:57","غير مقلقة","dangerous","Al Ain Farms Transport","مزارع العين للنقل","إتلاف ممتلكات عامة","    77283710","بلاغ جنائي"
"","","low","Daniel Williams","دانيال ويليامز","","       71412","بدون البلاغات الجنائية"
"","","medium","Oasis Logistics","الواحة للخدمات اللوجستية","","    70103718","بدون البلاغات الجنائية"
"","","dangerous","Anil Rao","أنيل راو","","      408467","بدون البلاغات الجنائية"
"","","low","Manoj Menon","مانوج مينون","","     2878082","بدون البلاغات الجنائية"
"","","low","Ibrahim Al Rumaithi","إبراهيم الرميثي","","    40484737","بدون البلاغات الجنائية"
"","","low","Mansoor Al Mansoori","منصور المنصوري","","     4652866","بدون البلاغات الجنائية"
"","","low","Nazrul Rahman","نذرول رحمن","","    28465638","بدون البلاغات الجنائية"
"2019-08-14 06:48:06","مقلقة","highly dangerous","Emirates Beauty Trading","الإمارات لتجارة مستحضرات التجميل","الابتزاز الإلكتروني","    17250021","بلاغ جنائي"
"2025-05-18 19:16:38","غير مقلقة","highly dangerous","Emirates Beauty Trading","الإمارات لتجارة مستحضرات التجميل","التلاعب في عداد المسافات","    17250021","بلاغ جنائي"
"2023-04-21 19:53:25","غير مقلقة","highly dangerous","Emirates Beauty Trading","الإمارات لتجارة مستحضرات التجميل","إتلاف ممتلكات عامة","    17250021","بلاغ جنائي"
"2025-05-18 15:21:42","مقلقة","dangerous","Noura Al Dhaheri","نورة الظاهري","الاعتداء بالضرب المفضي إلى إصابة","    38255346","بلاغ جنائي"
"2022-12-04 05:22:10","مقلقة","dangerous","Noura Al Dhaheri","نورة الظاهري","حيازة ممنوعات","    38255346","بلاغ جنائي"
"2022-07-08 00:49:16","غير مقلقة","dangerous","Noura Al Dhaheri","نورة الظاهري","القيادة بدون تأمين ساري","    38255346","بلاغ جنائي"
"","","dangerous","Majid Awad","ماجد عوض","","       20741","بدون البلاغات الجنائية"
"","","low","Sultan Al Kaabi","سلطان الكعبي","","     2082693","بدون البلاغات الجنائية"
"2025-03-28 21:15:19","مقلقة","medium","Ibrahim Mansour","إبراهيم منصور","الشروع في السرقة","    47835482","بلاغ جنائي"
"2023-11-22 11:41:01","غير مقلقة","medium","Ibrahim Mansour","إبراهيم منصور","إصدار شيك بدون رصيد","    47835482","بلاغ جنائي"
"2025-08-03 02:21:04","مقلقة","medium","Ibrahim Mansour","إبراهيم منصور","القيادة أثناء سحب الرخصة","    47835482","بلاغ جنائي"
"2022-05-10 00:31:07","غير مقلقة","medium","Ibrahim Mansour","إبراهيم منصور","إتلاف ممتلكات عامة","    47835482","بلاغ جنائي"
"2021-10-26 07:47:27","غير مقلقة","medium","Ibrahim Mansour","إبراهيم منصور","إتلاف ممتلكات عامة","    47835482","بلاغ جنائي"
"2024-10-15 01:20:00","مقلقة","medium","Ibrahim Mansour","إبراهيم منصور","الرشوة","    47835482","بلاغ جنائي"
"","","medium","Al Wathba Trading","الوثبة للتجارة","","     1108284","بدون البلاغات الجنائية"
"","","medium","Hassan Al Ali","حسن العلي","","      196397","بدون البلاغات الجنائية"
"","","low","Sampath Fernando","سامباث فرناندو","","      242988","بدون البلاغات الجنائية"
"","","medium","Al Naboodah Transport","النابودة للنقل","","     6861091","بدون البلاغات الجنائية"
"2022-08-22 04:09:16","مقلقة","highly dangerous","Zayed Nassar","زايد نصار","التفحيط وتعريض الأرواح للخطر","       63727","بلاغ جنائي"
"2026-02-13 04:20:02","مقلقة","highly dangerous","Zayed Nassar","زايد نصار","مقاومة رجال السلطة","       63727","بلاغ جنائي"
"2025-06-18 07:15:23","غير مقلقة","highly dangerous","Zayed Nassar","زايد نصار","خيانة الأمانة","       63727","بلاغ جنائي"
"2025-06-05 01:38:06","غير مقلقة","highly dangerous","Zayed Nassar","زايد نصار","الامتناع عن دفع الغرامات المستحقة","       63727","بلاغ جنائي"
"2026-01-12 06:15:43","مقلقة","dangerous","Hind Mahmoud","هند محمود","القيادة بسرعة جنونية","    71800270","بلاغ جنائي"
"2024-10-07 23:32:50","غير مقلقة","medium","Hessa Khalil","حصة خليل","مخالفة الأنظمة الجمركية","      586752","بلاغ جنائي"
"2023-09-17 01:39:10","غير مقلقة","medium","Hessa Khalil","حصة خليل","السب والقذف","      586752","بلاغ جنائي"
"","","low","Ravi Shah","رافي شاه","","      287959","بدون البلاغات الجنائية"
"","","medium","Kiran Menon","كيران مينون","","    85190409","بدون البلاغات الجنائية"
"","","medium","Nasser Mansour","ناصر منصور","","    99411618","بدون البلاغات الجنائية"
"2022-02-16 08:48:35","مقلقة","highly dangerous","Anita Das","أنيتا داس","التزوير في محرر رسمي","      839454","بلاغ جنائي"
"","","medium","Ramon Aquino","رامون أكينو","","    90736686","بدون البلاغات الجنائية"
"","","dangerous","Hussein Mansour","حسين منصور","","    24914837","بدون البلاغات الجنائية"
"2020-01-07 15:12:39","غير مقلقة","highly dangerous","Vijay Sharma","فيجاي شارما","القيادة عكس اتجاه السير","     9560745","بلاغ جنائي"
"2019-12-01 04:25:40","مقلقة","highly dangerous","Vijay Sharma","فيجاي شارما","الاعتداء على موظف عام أثناء تأدية عمله","     9560745","بلاغ جنائي"
"2023-04-28 09:16:09","مقلقة","highly dangerous","Vijay Sharma","فيجاي شارما","تعاطي مواد مخدرة","     9560745","بلاغ جنائي"
"2022-07-22 13:40:17","غير مقلقة","dangerous","Bikram Rai","بيكرام راي","مخالفة الأنظمة الجمركية","    29417903","بلاغ جنائي"
"2023-04-15 19:55:28","غير مقلقة","dangerous","Bikram Rai","بيكرام راي","نقل ركاب بدون تصريح","    29417903","بلاغ جنائي"
"","","low","Mansoor Haddad","منصور حداد","","    98110603","بدون البلاغات الجنائية"
"","","medium","Jahangir Hossain","جهانغير حسين","","     2573513","بدون البلاغات الجنائية"
"","","dangerous","Prakash Tamang","براكاش تامانغ","","       79355","بدون البلاغات الجنائية"
"","","low","Imran Ahmed","عمران أحمد","","     3839602","بدون البلاغات الجنائية"
"","","low","Arun Patel","أرون باتيل","","    73212696","بدون البلاغات الجنائية"
"2025-03-10 03:19:18","مقلقة","highly dangerous","Nasser Hassan","ناصر حسن","قيادة مركبة مسروقة","    86135550","بلاغ جنائي"
"2023-04-24 08:26:40","مقلقة","highly dangerous","Nasser Hassan","ناصر حسن","التفحيط وتعريض الأرواح للخطر","    86135550","بلاغ جنائي"
"","","medium","Rajesh Menon","راجيش مينون","","      227627","بدون البلاغات الجنائية"
"","","low","Tariq Fahmy","طارق فهمي","","      785231","بدون البلاغات الجنائية"
"","","low","Shahin Rahman","شاهين رحمن","","     5463907","بدون البلاغات الجنائية"
"2021-03-10 17:00:38","غير مقلقة","medium","Juma Al Nuaimi","جمعة النعيمي","السب والقذف","    23946695","بلاغ جنائي"
"2024-11-01 18:05:15","غير مقلقة","medium","Juma Al Nuaimi","جمعة النعيمي","التلاعب في عداد المسافات","    23946695","بلاغ جنائي"
"2023-08-26 20:21:18","غير مقلقة","medium","Juma Al Nuaimi","جمعة النعيمي","الامتناع عن دفع الغرامات المستحقة","    23946695","بلاغ جنائي"
"2020-09-03 06:50:53","مقلقة","highly dangerous","Amit Iyer","أميت آير","الشروع في السرقة","     9332350","بلاغ جنائي"
"2022-10-15 13:59:02","مقلقة","highly dangerous","Amit Iyer","أميت آير","انتحال صفة","     9332350","بلاغ جنائي"
"","","low","Bilal Butt","بلال بت","","       41162","بدون البلاغات الجنائية"
"","","low","Ramon Santos","رامون سانتوس","","    10229428","بدون البلاغات الجنائية"
"2023-11-28 12:19:11","مقلقة","highly dangerous","Mahmoud Al Rumaithi","محمود الرميثي","التزوير في اللوحات","    12728024","بلاغ جنائي"
"2021-05-31 03:05:35","مقلقة","dangerous","Hamdan Ali","حمدان علي","الرشوة","    70352728","بلاغ جنائي"
"2021-10-04 11:39:44","مقلقة","dangerous","Hamdan Ali","حمدان علي","الرشوة","    70352728","بلاغ جنائي"
"","","dangerous","Kamal Uddin","كمال الدين","","     5113318","بدون البلاغات الجنائية"
"","","medium","Nasser Al Mansoori","ناصر المنصوري","","    13925117","بدون البلاغات الجنائية"
"","","medium","Alia Al Ketbi","عالية الكتبي","","     7193787","بدون البلاغات الجنائية"
"","","medium","Oasis Logistics","الواحة للخدمات اللوجستية","","      223350","بدون البلاغات الجنائية"
"2020-08-04 23:47:16","مقلقة","highly dangerous","Muhammad Raza","محمد رضا","الابتزاز الإلكتروني","    71902135","بلاغ جنائي"
"2025-07-14 15:41:44","مقلقة","highly dangerous","Muhammad Raza","محمد رضا","القيادة أثناء سحب الرخصة","    71902135","بلاغ جنائي"
"2023-12-02 01:58:31","مقلقة","highly dangerous","Muhammad Raza","محمد رضا","عدم الالتزام بالإقامة الجبرية","    71902135","بلاغ جنائي"
"2020-09-19 20:39:59","مقلقة","highly dangerous","Shahin Chowdhury","شاهين شودري","عدم الالتزام بالإقامة الجبرية","    52023528","بلاغ جنائي"
"","","low","Ramon Mendoza","رامون ميندوزا","","    46275437","بدون البلاغات الجنائية"
"","","medium","Sara Ibrahim","سارة إبراهيم","","      771765","بدون البلاغات الجنائية"
"2023-04-01 09:41:38","غير مقلقة","dangerous","Deepak Patel","ديباك باتيل","السب والقذف","    85098931","بلاغ جنائي"
"2021-06-23 03:05:34","غير مقلقة","medium","Amit Gupta","أميت غوبتا","مخالفة الأنظمة الجمركية","    14981556","بلاغ جنائي"
"2023-12-10 18:45:36","غير مقلقة","medium","Amit Gupta","أميت غوبتا","القيادة برخصة منتهية","    14981556","بلاغ جنائي"
"2026-03-22 19:37:24","مقلقة","medium","Amit Gupta","أميت غوبتا","الاعتداء على موظف عام أثناء تأدية عمله","    14981556","بلاغ جنائي"
"","","dangerous","Majid Al Falasi","ماجد الفلاسي","","     8529288","بدون البلاغات الجنائية"
"","","low","Asha Patel","آشا باتيل","","     4014176","بدون البلاغات الجنائية"
"","","low","John Ramos","جون راموس","","      939649","بدون البلاغات الجنائية"
"","","medium","Sunita Patel","سونيتا باتيل","","      379523","بدون البلاغات الجنائية"
"","","low","Youssef Al Zaabi","يوسف الزعابي","","    86885942","بدون البلاغات الجنائية"
"","","dangerous","Al Futtaim Logistics","الفطيم للخدمات اللوجستية","","       22163","بدون البلاغات الجنائية"
"","","low","Salem Al Ghafri","سالم الغافري","","      443125","بدون البلاغات الجنائية"
"2025-02-05 20:54:33","مقلقة","dangerous","Bilal Sheikh","بلال شيخ","القيادة بسرعة جنونية","    34111167","بلاغ جنائي"
"2026-07-21 23:48:41","غير مقلقة","dangerous","Bilal Sheikh","بلال شيخ","خيانة الأمانة","    34111167","بلاغ جنائي"
"2020-12-22 00:15:55","غير مقلقة","dangerous","Bilal Sheikh","بلال شيخ","إلحاق الضرر العمدي بالممتلكات","    34111167","بلاغ جنائي"
"2024-08-21 16:00:38","مقلقة","dangerous","Bilal Sheikh","بلال شيخ","مقاومة رجال السلطة","    34111167","بلاغ جنائي"
"2021-02-02 19:16:00","مقلقة","dangerous","Bilal Sheikh","بلال شيخ","الاتجار بالمواد المخدرة","    34111167","بلاغ جنائي"
"2020-04-15 23:40:07","غير مقلقة","dangerous","Bilal Sheikh","بلال شيخ","مخالفة قيود الإقامة","    34111167","بلاغ جنائي"
"","","dangerous","Mahmoud Al Ketbi","محمود الكتبي","","      946149","بدون البلاغات الجنائية"
"","","medium","Priya Das","بريا داس","","     2248326","بدون البلاغات الجنائية"
"2021-04-06 20:55:44","غير مقلقة","dangerous","Fahad Ali","فهد علي","مخالفة قيود الإقامة","    36235921","بلاغ جنائي"
"2021-01-12 08:59:44","غير مقلقة","dangerous","Fahad Ali","فهد علي","خيانة الأمانة","    36235921","بلاغ جنائي"
"","","low","Youssef Khalil","يوسف خليل","","      919726","بدون البلاغات الجنائية"
"2022-12-25 23:15:17","مقلقة","dangerous","Asif Ahmed","آصف أحمد","الدخول للبلاد بطريقة غير مشروعة","    81612291","بلاغ جنائي"
"2022-04-26 16:25:54","غير مقلقة","dangerous","Asif Ahmed","آصف أحمد","مخالفة اشتراطات النقل","    81612291","بلاغ جنائي"
"2023-03-30 12:14:26","غير مقلقة","dangerous","Asif Ahmed","آصف أحمد","تجاوز الإشارة الحمراء بشكل متكرر","    81612291","بلاغ جنائي"
"2025-02-05 20:16:55","مقلقة","dangerous","Asif Ahmed","آصف أحمد","قيادة مركبة مسروقة","    81612291","بلاغ جنائي"
"","","low","Rajesh Pillai","راجيش بيلاي","","    10050499","بدون البلاغات الجنائية"
"2020-04-27 15:00:56","مقلقة","highly dangerous","Mona Al Shamsi","منى الشامسي","الرشوة","    99265887","بلاغ جنائي"
"2024-01-16 15:00:35","مقلقة","highly dangerous","Mona Al Shamsi","منى الشامسي","النصب والاحتيال","    99265887","بلاغ جنائي"
"","","low","Mansoor Al Suwaidi","منصور السويدي","","    88074752","بدون البلاغات الجنائية"
"","","dangerous","Fahad Al Ali","فهد العلي","","       38988","بدون البلاغات الجنائية"
"","","medium","Omar Ali","عمر علي","","    52480334","بدون البلاغات الجنائية"
"","","low","ADNOC Distribution","أدنوك للتوزيع","","    43322434","بدون البلاغات الجنائية"
"","","low","Wadha Ali","وضحة علي","","      658774","بدون البلاغات الجنائية"
"","","dangerous","Hassan Al Zaabi","حسن الزعابي","","    31822401","بدون البلاغات الجنائية"
"2025-01-18 09:44:05","مقلقة","dangerous","Layla Kamal","ليلى كمال","الرشوة","    61876742","بلاغ جنائي"
"","","dangerous","Sunita Gupta","سونيتا غوبتا","","     7570487","بدون البلاغات الجنائية"
"","","medium","Mohan Singh","موهان سينغ","","    44301879","بدون البلاغات الجنائية"
"2021-07-15 18:16:53","مقلقة","dangerous","Mohan Nair","موهان ناير","الاتجار بالمواد المخدرة","      212089","بلاغ جنائي"
"","","low","Suresh Rao","سوريش راو","","    55379676","بدون البلاغات الجنائية"
"","","medium","Kiran Nair","كيران ناير","","    41053670","بدون البلاغات الجنائية"
"","","low","Usman Qureshi","عثمان قريشي","","    36825221","بدون البلاغات الجنائية"
"2023-03-15 06:48:04","غير مقلقة","medium","Youssef Al Muhairi","يوسف المهيري","مخالفة الأنظمة الجمركية","    24052324","بلاغ جنائي"
"","","dangerous","Faisal Ahmed","فيصل أحمد","","    36293582","بدون البلاغات الجنائية"
"","","low","Bahadur Rai","بهادر راي","","       45761","بدون البلاغات الجنائية"
"2026-04-20 11:04:22","غير مقلقة","medium","Huda Mahmoud","هدى محمود","إثارة الشغب","    80685487","بلاغ جنائي"
"","","medium","Fast Track Rental","المسار السريع لتأجير السيارات","","    19077860","بدون البلاغات الجنائية"
"2026-07-08 20:53:49","غير مقلقة","highly dangerous","Aisha Hassan","عائشة حسن","نقل ركاب بدون تصريح","      878923","بلاغ جنائي"
"","","medium","Ali Fahmy","علي فهمي","","    96916842","بدون البلاغات الجنائية"
"2019-11-14 06:24:31","غير مقلقة","highly dangerous","Kamran Khan","كامران خان","التعدي على الأملاك الخاصة","      949371","بلاغ جنائي"
"2022-09-25 14:41:49","مقلقة","highly dangerous","Kamran Khan","كامران خان","الابتزاز الإلكتروني","      949371","بلاغ جنائي"
"2025-10-28 02:24:17","مقلقة","highly dangerous","Kamran Khan","كامران خان","قيادة مركبة مسروقة","      949371","بلاغ جنائي"
"2024-12-12 17:07:27","مقلقة","highly dangerous","Kamran Khan","كامران خان","غسل الأموال","      949371","بلاغ جنائي"
"","","medium","Thomas Miller","توماس ميلر","","      803682","بدون البلاغات الجنائية"
"2020-09-16 13:14:00","مقلقة","highly dangerous","Ravi Menon","رافي مينون","الاعتداء على موظف عام أثناء تأدية عمله","      234530","بلاغ جنائي"
"2019-07-18 11:52:48","مقلقة","highly dangerous","Ravi Menon","رافي مينون","الشروع في السرقة","      234530","بلاغ جنائي"
"2026-04-03 22:18:54","غير مقلقة","highly dangerous","Ravi Menon","رافي مينون","القيادة بدون تأمين ساري","      234530","بلاغ جنائي"
"","","low","Jahangir Hossain","جهانغير حسين","","     8002542","بدون البلاغات الجنائية"
"2025-09-12 16:41:38","غير مقلقة","low","Muhammad Malik","محمد مالك","السب والقذف","    33948686","بلاغ جنائي"
"2024-08-15 20:45:49","غير مقلقة","low","Muhammad Malik","محمد مالك","السب والقذف","    33948686","بلاغ جنائي"
"2024-09-01 09:02:59","غير مقلقة","medium","Rashid Al Ghafri","راشد الغافري","إتلاف ممتلكات عامة","    49944565","بلاغ جنائي"
"2019-04-19 10:48:29","غير مقلقة","medium","Rashid Al Ghafri","راشد الغافري","إلحاق الضرر العمدي بالممتلكات","    49944565","بلاغ جنائي"
"2023-05-08 04:42:54","مقلقة","medium","Rashid Al Ghafri","راشد الغافري","الشروع في السرقة","    49944565","بلاغ جنائي"
"2020-10-24 16:04:07","غير مقلقة","medium","Rashid Al Ghafri","راشد الغافري","نقل ركاب بدون تصريح","    49944565","بلاغ جنائي"
"","","medium","Kiran Nair","كيران ناير","","      568967","بدون البلاغات الجنائية"
"2019-05-31 07:35:24","مقلقة","dangerous","Salama Mansour","سلامة منصور","القيادة أثناء سحب الرخصة","    33936117","بلاغ جنائي"
"2024-12-12 02:54:58","مقلقة","dangerous","Salama Mansour","سلامة منصور","انتحال صفة","    33936117","بلاغ جنائي"
"","","medium","Omar Al Suwaidi","عمر السويدي","","    98542792","بدون البلاغات الجنائية"
"","","low","Anil Patel","أنيل باتيل","","    69949689","بدون البلاغات الجنائية"
"2021-05-10 05:28:40","مقلقة","medium","Majid Darwish","ماجد درويش","حيازة مواد مخدرة","    71063232","بلاغ جنائي"
"2022-04-09 02:28:49","مقلقة","medium","Majid Darwish","ماجد درويش","النصب والاحتيال","    71063232","بلاغ جنائي"
"2023-12-25 23:43:09","مقلقة","highly dangerous","Union Trading LLC","الاتحاد للتجارة ذ.م.م","الرشوة","    21119618","بلاغ جنائي"
"2025-02-10 06:10:07","مقلقة","highly dangerous","Union Trading LLC","الاتحاد للتجارة ذ.م.م","القيادة أثناء سحب الرخصة","    21119618","بلاغ جنائي"
"","","low","Mansoor Mahmoud","منصور محمود","","    59653409","بدون البلاغات الجنائية"
"2021-07-27 13:26:37","مقلقة","highly dangerous","Hamdan Al Suwaidi","حمدان السويدي","الاتجار بالمواد المخدرة","      363011","بلاغ جنائي"
"2023-05-08 01:12:13","مقلقة","highly dangerous","Hamdan Al Suwaidi","حمدان السويدي","انتحال صفة","      363011","بلاغ جنائي"
"2023-11-20 18:49:34","مقلقة","highly dangerous","Hamdan Al Suwaidi","حمدان السويدي","التفحيط وتعريض الأرواح للخطر","      363011","بلاغ جنائي"
"2019-01-03 03:10:37","مقلقة","highly dangerous","Hamdan Al Suwaidi","حمدان السويدي","السرقة","      363011","بلاغ جنائي"
"2020-09-15 00:16:32","مقلقة","highly dangerous","Hamdan Al Suwaidi","حمدان السويدي","عدم الالتزام بالإقامة الجبرية","      363011","بلاغ جنائي"
"","","medium","Abdullah Ibrahim","عبدالله إبراهيم","","    54771503","بدون البلاغات الجنائية"
"","","medium","Asif Ahmed","آصف أحمد","","     4366477","بدون البلاغات الجنائية"
"","","low","Adnan Butt","عدنان بت","","     1634491","بدون البلاغات الجنائية"
"","","highly dangerous","Ravi Nair","رافي ناير","","    81050220","بدون البلاغات الجنائية"