"رقم الملف المروري","الاسم بالعربي","الجنسية","المركبات الغير منتهية","المركبات المنتهية","المهنة","الرقم الموحد","الدخول والخروج","تاريخ الدخول والخروج","السوابق","تحركات المركبات","عدد المركبات","لا توجد تحركات","عدد المركبات 222"
"    77283710","مزارع العين للنقل","الإمارات العربية المتحدة","           4","           4","مدير مشروع","    16286086","داخل","27APR25:00:00:00","توجد","           3","           8","           5","           8"
"       71412","دانيال ويليامز","الولايات المتحدة","           2","           1","بحار","    92863746","داخل","09APR24:00:00:00","لاتوجد","           2","           3","           1","           3"
"    70103718","الواحة للخدمات اللوجستية","الإمارات العربية المتحدة","           3","           5","رجل أعمال","    83875596","داخل الدولة","07OCT24:00:00:00","لاتوجد","           2","           8","           6","           8"
"      408467","أنيل راو","الهند","           9","           6","بائع","    54446812","خارج الدولة","08SEP25:00:00:00","لاتوجد","           7","          15","           8","          15"
"     2878082","مانوج مينون","الهند","           3","           4","عامل نظافة","    31625343","داخل الدولة","19APR25:00:00:00","لاتوجد","           3","           7","           4","           7"
"    40484737","إبراهيم الرميثي","الإمارات العربية المتحدة","           0","           1","رجل أعمال","    45841022","خارج","31JUL25:00:00:00","لاتوجد","           0","           1","           1","           1"
"     4652866","منصور المنصوري","الإمارات العربية المتحدة","           0","           2","مندوب مبيعات","    88210645","خارج الدولة","30APR26:00:00:00","لاتوجد","           1","           2","           1","           2"
"    28465638","نذرول رحمن","بنغلاديش","          10","           3","مدير مشروع","    18394292","داخل","12MAR26:00:00:00","لاتوجد","           3","          13","          10","          13"
"    17250021","الإمارات لتجارة مستحضرات التجميل","الإمارات العربية المتحدة","           0","           1","رجل أعمال","    83807285","خارج","08APR24:00:00:00","توجد","           1","           1","           0","           1"
"    38255346","نورة الظاهري","الإمارات العربية المتحدة","           2","           5","مهندس ميكانيكا","    32127945","خارج الدولة","10AUG24:00:00:00","توجد","           2","           7","           5","           7"
"       20741","ماجد عوض","السعودية","           5","           3","عامل نظافة","    71975587","داخل الدولة","13JUL26:00:00:00","لاتوجد","           3","           8","           5","           8"
"     2082693","سلطان الكعبي","الإمارات العربية المتحدة","           0","           1","سائق","    40156959","داخل","27APR26:00:00:00","لاتوجد","           0","           1","           1","           1"
"    47835482","إبراهيم منصور","اليمن","           4","           2","صياد","    95419105","خارج","21JAN24:00:00:00","توجد","           4","           6","           2","           6"
"     1108284","الوثبة للتجارة","الإمارات العربية المتحدة","           5","           5","مدير مشروع","    50425370","داخل الدولة","07OCT24:00:00:00","لاتوجد","           4","          10","           6","          10"
"      196397","حسن العلي","الإمارات العربية المتحدة","           0","           1","خياط","    37964904","داخل","15JAN25:00:00:00","لاتوجد","           1","           1","           0","           1"
"      242988","سامباث فرناندو","سريلانكا","           1","           4","أخصائي تسويق","    72228304","داخل الدولة","09AUG25:00:00:00","لاتوجد","           4","           5","           1","           5"
"     6861091","النابودة للنقل","الإمارات العربية المتحدة","          11","           9","تاجر","    36614213","خارج","17MAR25:00:00:00","لاتوجد","           8","          20","          12","          20"
"       63727","زايد نصار","مصر","           1","           1","مهندس مدني","    27969141","خارج","29JUL24:00:00:00","توجد","           1","           2","           1","           2"
"    71800270","هند محمود","سوريا","           2","           1","معلمة","    88562361","داخل الدولة","18AUG24:00:00:00","توجد","           2","           3","           1","           3"
"      586752","حصة خليل","مصر","           1","           2","مدير موارد بشرية","    33704251","داخل","12MAY26:00:00:00","توجد","           1","           3","           2","           3"
"      287959","رافي شاه","الهند","           5","           4","عامل نظافة","    59670015","خارج","28MAY25:00:00:00","لاتوجد","           5","           9","           4","           9"
"    85190409","كيران مينون","الهند","           1","           2","مذيع","    75881056","داخل","11APR26:00:00:00","لاتوجد","           1","           3","           2","           3"
"    99411618","ناصر منصور","الأردن","           6","           5","بحار","    16265305","داخل الدولة","11APR25:00:00:00","لاتوجد","           9","          11","           2","          11"
"      839454","أنيتا داس","الهند","           3","           1","محلل مالي","    76247567","داخل الدولة","30JAN24:00:00:00","توجد","           1","           4","           3","           4"
"    90736686","رامون أكينو","الفلبين","           3","           1","سائق","    69995480","داخل","03JUN25:00:00:00","لاتوجد","           1","           4","           3","           4"
"    24914837","حسين منصور","الأردن","           2","           1","طبيب","    21993572","خارج","12MAY25:00:00:00","لاتوجد","           2","           3","           1","           3"
"     9560745","فيجاي شارما","الهند","          16","          22","أخصائي مختبر","    16579601","داخل الدولة","28MAR25:00:00:00","توجد","          27","          38","          11","          38"
"    29417903","بيكرام راي","نيبال","           5","           6","نجار","    74317502","داخل","27JAN26:00:00:00","توجد","           8","          11","           3","          11"
"    98110603","منصور حداد","سوريا","           8","          13","مدير مشروع","    45803957","داخل الدولة","01APR25:00:00:00","لاتوجد","          12","          21","           9","          21"
"     2573513","جهانغير حسين","بنغلاديش","           0","           1","سائق","    65374783","داخل الدولة","14NOV24:00:00:00","متوفى","           0","           1","           1","           1"
"       79355","براكاش تامانغ","نيبال","          10","           6","مصمم","    21796412","داخل الدولة","19MAR26:00:00:00","لاتوجد","           7","          16","           9","          16"
"     3839602","عمران أحمد","باكستان","           2","           3","طالب","    29197436","داخل","26MAR24:00:00:00","لاتوجد","           3","           5","           2","           5"
"    73212696","أرون باتيل","الهند","           1","           1","صحفي","    47750616","داخل","03MAY25:00:00:00","لاتوجد","           1","           2","           1","           2"
"    86135550","ناصر حسن","لبنان","           3","           4","ضابط","    72697493","داخل الدولة","05JAN25:00:00:00","توجد","           5","           7","           2","           7"
"      227627","راجيش مينون","الهند","          55","          38","صياد","    26287022","داخل","09MAY25:00:00:00","لاتوجد","          25","          93","          68","          93"
"      785231","طارق فهمي","مصر","           2","           2","أخصائي تسويق","    19536246","خارج الدولة","25MAY26:00:00:00","لاتوجد","           2","           4","           2","           4"
"     5463907","شاهين رحمن","بنغلاديش","           3","           1","محامي","    82291087","داخل الدولة","01JAN26:00:00:00","لاتوجد","           3","           4","           1","           4"
"    23946695","جمعة النعيمي","الإمارات العربية المتحدة","           1","           1","عامل توصيل","    88849872","خارج","18JUN25:00:00:00","توجد","           1","           2","           1","           2"
"    14579968","سونيتا آير","الهند","          18","          11","سكرتير","    99747366","داخل الدولة","30AUG25:00:00:00","لاتوجد","          18","          29","          11","          29"
"    41431810","راجيش مينون","الهند","           9","           9","مهندس ميكانيكا","    64972920","خارج الدولة","26JAN26:00:00:00","متوفى","          14","          18","           4","          18"
"    59610978","سالم المهيري","الإمارات العربية المتحدة","           5","           6","تاجر","    53666768","داخل الدولة","25MAY26:00:00:00","متوفى","           2","          11","           9","          11"
"     6698738","علي حداد","الأردن","           3","           4","مزارع","    49740707","خارج","15JAN25:00:00:00","لاتوجد","           2","           7","           5","           7"
"    29571106","إبراهيم المزروعي","الإمارات العربية المتحدة","           3","           5","محلل مالي","    86885722","خارج الدولة","10DEC25:00:00:00","توجد","           2","           8","           6","           8"
"    76833770","سونيل سيلفا","سريلانكا","           4","           5","مهندس كهرباء","    53793189","داخل","07DEC24:00:00:00","لاتوجد","           3","           9","           6","           9"
"    67875686","سالم عبدالرحمن","سوريا","           3","           3","مدير","    60474272","داخل الدولة","27APR25:00:00:00","لاتوجد","           2","           6","           4","           6"
"    47083493","رافي فيرما","الهند","           1","           2","طبيب أسنان","    84589854","خارج","02APR25:00:00:00","لاتوجد","           1","           3","           2","           3"
"     4470876","براكاش ليمبو","نيبال","           3","           4","رجل أعمال","    76458751","خارج","23OCT25:00:00:00","توجد","           2","           7","           5","           7"
"     5826620","حسن حسن","سوريا","           1","           5","محلل مالي","    17278570","خارج","04MAY24:00:00:00","لاتوجد","           3","           6","           3","           6"
"    67676139","محمد رضا","باكستان","           1","           1","مهندس ميكانيكا","    23880884","خارج الدولة","25MAR24:00:00:00","توجد","           1","           2","           1","           2"
"    80469656","عمر عوض","الأردن","           0","           1","طبيب أسنان","    39636033","خارج","28JUN25:00:00:00","توجد","           1","           1","           0","           1"
"    72485143","زايد منصور","سوريا","           4","           6","بحار","    81235424","داخل الدولة","21NOV24:00:00:00","توجد","           3","          10","           7","          10"
"     2840077","يوسف النعيمي","الإمارات العربية المتحدة","           2","           0","خياط","    77556893","خارج الدولة","12JUN26:00:00:00","لاتوجد","           1","           2","           1","           2"
"       52586","موهان بيلاي","الهند","           4","           1","أمين مخزن","    84564830","داخل","06MAR25:00:00:00","لاتوجد","           2","           5","           3","           5"
"    13544411","أحمد الرميثي","الإمارات العربية المتحدة","           9","           6","معلم","    72728884","داخل","28SEP25:00:00:00","لاتوجد","          10","          15","           5","          15"
"      230180","رامون سانتوس","الفلبين","           9","           9","عامل نظافة","    55484691","داخل","23FEB26:00:00:00","توجد","          12","          18","           6","          18"
"      353085","عمر البلوشي","الإمارات العربية المتحدة","           6","           5","مضيف طيران","    24598902","خارج الدولة","29DEC25:00:00:00","لاتوجد","           5","          11","           6","          11"
"      536828","الخدمات السريعة للتوصيل","الإمارات العربية المتحدة","          16","          17","تاجر","    69906665","خارج","11FEB26:00:00:00","لاتوجد","           7","          33","          26","          33"
"     9355000","محمود حسن","اليمن","           8","           4","مترجم","    77473622","داخل","28JUN25:00:00:00","لاتوجد","           4","          12","           8","          12"
"    90922093","ديبا شاه","الهند","           0","           1","مزارع","    17163112","داخل","07MAR25:00:00:00","توجد","           1","           1","           0","           1"
"     8213006","الفطيم للخدمات اللوجستية","الإمارات العربية المتحدة","           5","           8","مقاول","    18075704","خارج","14DEC24:00:00:00","توجد","          10","          13","           3","          13"
"    79338657","ماجد صالح","سوريا","           0","           1","سائق أجرة","    50967705","داخل الدولة","24MAR26:00:00:00","توجد","           0","           1","           1","           1"
"    43334679","آن ميندوزا","الفلبين","          22","          15","سباك","    43646602","خارج","18MAY24:00:00:00","لاتوجد","          11","          37","          26","          37"
"    30782867","أنجيلو سانتوس","الفلبين","           1","           0","مقاول","    73190430","داخل الدولة","27MAY25:00:00:00","لاتوجد","           1","           1","           0","           1"
"      608688","فاروق علي","بنغلاديش","           2","           5","بحار","    20988031","خارج الدولة","09JUL26:00:00:00","لاتوجد","           2","           7","           5","           7"
"     7419135","ليلى درويش","اليمن","          21","          13","مهندس","    30922399","خارج الدولة","23DEC25:00:00:00","توجد","          26","          34","           8","          34"
"      400492","بلال قريشي","باكستان","           2","           3","طاهي","    99200551","داخل الدولة","09JAN26:00:00:00","لاتوجد","           2","           5","           3","           5"
"    96803721","نيها فيرما","الهند","           0","           1","مهندس ميكانيكا","    72832296","داخل","22APR24:00:00:00","لاتوجد","           1","           1","           0","           1"
"    55360987","راجيش بيلاي","الهند","           1","           0","خياط","    90111871","داخل الدولة","04JAN26:00:00:00","متوفى","           0","           1","           1","           1"
"    79855314","حمدان حداد","مصر","           0","           1","مهندس كهرباء","    51396033","داخل","18JAN26:00:00:00","توجد","           0","           1","           1","           1"
"    30970460","زيشان رضا","باكستان","           1","           0","عامل توصيل","    83697889","داخل الدولة","10DEC24:00:00:00","توجد","           0","           1","           1","           1"
"    97946559","شاهين علي","بنغلاديش","           8","           9","نجار","    95818314","داخل الدولة","19MAY25:00:00:00","لاتوجد","           9","          17","           8","          17"
"    15580789","محمد فهمي","مصر","           4","           8","مزارع","    73954435","خارج","31AUG25:00:00:00","لاتوجد","           7","          12","           5","          12"
"    69444315","ديباك ناير","الهند","           2","           0","حداد","    95561013","داخل الدولة","22JAN26:00:00:00","متوفى","           1","           2","           1","           2"
"    32798764","ريخا شارما","الهند","           0","           3","خياط","    35488417","خارج الدولة","05JAN24:00:00:00","توجد","           1","           3","           2","           3"
"      353956","فهد العلي","الإمارات العربية المتحدة","           4","           9","محلل مالي","    58125048","داخل الدولة","28JUN25:00:00:00","لاتوجد","          10","          13","           3","          13"
"    78769289","نذرول شودري","بنغلاديش","           6","           0","حلاق","    78903031","خارج","12JAN26:00:00:00","لاتوجد","           2","           6","           4","           6"
"      580488","تشاميندا بيريرا","سريلانكا","           4","           0","سائق شاحنة","    61870936","داخل","30DEC25:00:00:00","لاتوجد","           2","           4","           2","           4"
"    94653342","الخدمات السريعة للتوصيل","الإمارات العربية المتحدة","           2","           5","مقاول","    50908561","داخل الدولة","16MAY26:00:00:00","لاتوجد","           2","           7","           5","           7"
"    64482523","راجيش بيلاي","الهند","           1","           0","مستشار","    46887046","خارج الدولة","22JUL24:00:00:00","توجد","           0","           1","           1","           1"
"    26303699","براكاش تامانغ","نيبال","           7","           9","خياط","    70954895","داخل الدولة","07JUN26:00:00:00","لاتوجد","           4","          16","          12","          16"
"     6503524","أنيل باتيل","الهند","           0","           1","مزارع","    71283767","خارج","22APR24:00:00:00","لاتوجد","           0","           1","           1","           1"
"    98390699","الخط الأخضر للباصات","الإمارات العربية المتحدة","           2","           4","مقاول","    65549035","خارج الدولة","22NOV24:00:00:00","لاتوجد","           1","           6","           5","           6"
"    24084605","عبدال علي","بنغلاديش","           2","           0","تاجر","    60278026","خارج","12MAR25:00:00:00","لاتوجد","           1","           2","           1","           2"
"    72522665","رام شريستا","نيبال","           5","          13","مترجم","    63781852","خارج","07JAN26:00:00:00","لاتوجد","          11","          18","           7","          18"
"      482552","عدنان إقبال","باكستان","           2","           2","سكرتير","    43144682","داخل الدولة","11APR24:00:00:00","لاتوجد","           1","           4","           3","           4"
"    47508530","زايد منصور","مصر","           0","           1","مشرف","    53790215","داخل","01AUG25:00:00:00","توجد","           1","           1","           0","           1"
"       75555","عثمان شيخ","باكستان","           0","           3","ضابط","    75548863","خارج","19APR24:00:00:00","لاتوجد","           2","           3","           1","           3"
"    89531915","ري ميندوزا","الفلبين","           1","           6","أخصائي تسويق","    58219994","خارج","12DEC25:00:00:00","توجد","           5","           7","           2","           7"
"    59311414","إبراهيم الظاهري","الإمارات العربية المتحدة","           2","           5","حداد","    28032557","داخل","12JAN24:00:00:00","لاتوجد","           3","           7","           4","           7"
"      268825","راجيش آير","الهند","           2","           0","مدير موارد بشرية","    80311374","داخل","14DEC25:00:00:00","لاتوجد","           1","           2","           1","           2"
"    22613888","سعيد الفلاسي","الإمارات العربية المتحدة","           0","           2","مندوب مبيعات","    98673693","داخل","05SEP25:00:00:00","لاتوجد","           1","           2","           1","           2"
"    77473404","عبدال شودري","بنغلاديش","           1","           3","سباك","    80910339","خارج الدولة","27MAR26:00:00:00","لاتوجد","           2","           4","           2","           4"
"    12946556","سلطان الكتبي","الإمارات العربية المتحدة","           1","           2","صياد","    91710481","خارج الدولة","26FEB26:00:00:00","لاتوجد","           1","           3","           2","           3"
"       53244","عمر علي","الأردن","           1","           0","حارس أمن","    40842871","داخل الدولة","31MAY25:00:00:00","توجد","           1","           1","           0","           1"
"     9728369","منصور الرميثي","الإمارات العربية المتحدة","           0","           1","مقاول","    18627507","داخل","15MAR26:00:00:00","توجد","           1","           1","           0","           1"
"      778409","حسن عبدالرحمن","مصر","           7","           7","حلاق","    11463107","داخل","21SEP24:00:00:00","توجد","           8","          14","           6","          14"
"    41397324","آصف إقبال","باكستان","           3","           6","معلم","    19697412","خارج الدولة","23MAY24:00:00:00","توجد","           3","           9","           6","           9"
"      333625","رحمن حسين","بنغلاديش","          11","           0","ممرض","    49488422","داخل","16MAY25:00:00:00","لاتوجد","           7","          11","           4","          11"
"    37947730","عبيد علي","اليمن","           4","           5","عامل توصيل","    37174553","خارج الدولة","07AUG25:00:00:00","توجد","           2","           9","           7","           9"
"    87410596","علي الفلاسي","الإمارات العربية المتحدة","           1","           0","مضيف طيران","    45785446","داخل","04AUG25:00:00:00","توجد","           0","           1","           1","           1"
"    56286088","سالم منصور","مصر","           1","           1","مدير مشروع","    56430840","خارج","30JUN24:00:00:00","لاتوجد","           1","           2","           1","           2"
"    74635157","نيها فيرما","الهند","           4","           4","مدير موارد بشرية","    32371149","خارج الدولة","15JAN25:00:00:00","توجد","           2","           8","           6","           8"
"    32201889","راميش شارما","الهند","           2","           0","مستشار","    28588226","خارج","09APR26:00:00:00","لاتوجد","           1","           2","           1","           2"
"    77374628","خالد المزروعي","الإمارات العربية المتحدة","           2","           4","مهندس معماري","    47229895","داخل","28MAR24:00:00:00","توجد","           1","           6","           5","           6"
"    41216829","سعيد حسن","العراق","          13","          14","مدير","    22287576","داخل الدولة","03MAR24:00:00:00","متوفى","           7","          27","          20","          27"
"     6087238","هدى إبراهيم","الأردن","           1","           2","طبيب","    76482462","خارج الدولة","04MAY24:00:00:00","توجد","           2","           3","           1","           3"
"    92817156","سعيد فهمي","السودان","           4","           4","مقاول","    49870391","خارج الدولة","15JAN24:00:00:00","لاتوجد","           6","           8","           2","           8"
"     7449133","لطيفة منصور","مصر","           3","           1","عامل نظافة","    28500580","خارج","28JAN24:00:00:00","لاتوجد","           3","           4","           1","           4"
"     3845787","مؤسسة دبي للتاكسي","الإمارات العربية المتحدة","           5","           5","تاجر","    21959820","خارج","02MAR26:00:00:00","توجد","           3","          10","           7","          10"
"       87437","سونيل راو","الهند","           1","           1","مبرمج","    91210355","خارج","11DEC24:00:00:00","لاتوجد","           1","           2","           1","           2"
"    46021499","نووان بيريرا","سريلانكا","           0","           1","أخصائي تسويق","    22214591","داخل الدولة","03JUN25:00:00:00","توجد","           0","           1","           1","           1"
"    97230442","راجيش شاه","الهند","           2","           2","بحار","    29083797","داخل","08APR26:00:00:00","لاتوجد","           1","           4","           3","           4"
"      133315","مانوج فيرما","الهند","           0","           1","بائع","    22806000","داخل","20MAR24:00:00:00","توجد","           1","           1","           0","           1"
"    45479759","أنيل فيرما","الهند","           0","           1","جندي","    92022547","خارج","14FEB25:00:00:00","لاتوجد","           0","           1","           1","           1"
"    12852608","رحمن شودري","بنغلاديش","           2","           0","سباك","    23940717","خارج الدولة","30MAR25:00:00:00","لاتوجد","           1","           2","           1","           2"
"    97886363","فيصل خان","باكستان","           1","           2","مصمم","    86293035","داخل الدولة","13MAY26:00:00:00","لاتوجد","           2","           3","           1","           3"
"     9377429","جهانغير حسين","بنغلاديش","           3","           2","طبيب","    18680380","خارج الدولة","24FEB26:00:00:00","توجد","           1","           5","           4","           5"
"    42954595","عبدالله الظاهري","الإمارات العربية المتحدة","          13","           7","منسق","    20554381","خارج","11FEB25:00:00:00","توجد","           5","          20","          15","          20"
"      387614","عثمان قريشي","باكستان","           6","           1","طبيب","    72148808","داخل الدولة","15APR24:00:00:00","لاتوجد","           3","           7","           4","           7"
"      295869","محمود حسن","العراق","           8","           7","محلل مالي","    58253170","خارج الدولة","27NOV24:00:00:00","لاتوجد","          10","          15","           5","          15"
"       23713","عبدال علي","بنغلاديش","           3","           9","مضيف طيران","    93773087","خارج الدولة","20MAR24:00:00:00","لاتوجد","           4","          12","           8","          12"
"    72137515","أحمد علي","لبنان","           2","           0","صحفي","    73950384","داخل الدولة","17SEP24:00:00:00","توجد","           1","           2","           1","           2"
"    36891504","سلطان حسن","العراق","           2","           3","جندي","    41979842","خارج","29AUG24:00:00:00","توجد","           1","           5","           4","           5"
"     1313266","سلمى حبيب","لبنان","           3","           2","مهندس","    18910542","داخل","05APR24:00:00:00","لاتوجد","           3","           5","           2","           5"
"     7712036","أدنوك للتوزيع","الإمارات العربية المتحدة","           2","           5","رجل أعمال","    79634772","خارج","10MAR24:00:00:00","توجد","           4","           7","           3","           7"
"       95327","الإمارات لتجارة مستحضرات التجميل","الإمارات العربية المتحدة","           3","           5","مدير مشروع","    40588012","داخل","02MAY24:00:00:00","توجد","           2","           8","           6","           8"
"     9665971","جهانغير إسلام","بنغلاديش","           1","           2","مهندس","    91087135","داخل الدولة","22OCT24:00:00:00","لاتوجد","           1","           3","           2","           3"
"    51671659","زايد عوض","مصر","           4","           5","طالب","    47450991","خارج","05MAR24:00:00:00","لاتوجد","           6","           9","           3","           9"
"      373862","كامران أحمد","باكستان","           0","           2","مزارع","    26757380","خارج","18MAY25:00:00:00","لاتوجد","           1","           2","           1","           2"
"      790023","الصقر للمعدات الثقيلة","الإمارات العربية المتحدة","           4","           3","مقاول","    39526343","داخل الدولة","02JUL24:00:00:00","توجد","           5","           7","           2","           7"
"     5115028","أنيتا سينغ","الهند","           3","           5","طبيب أسنان","    15012689","خارج الدولة","19JUN26:00:00:00","لاتوجد","           6","           8","           2","           8"
"    28761126","أرون ناير","الهند","           3","           0","طبيب","    95627494","داخل الدولة","04JUN24:00:00:00","لاتوجد","           1","           3","           2","           3"
"    48230729","كريستينا غارسيا","الفلبين","          16","          12","مهندس معماري","    12866920","خارج الدولة","26JUL26:00:00:00","لاتوجد","          12","          28","          16","          28"
"      454099","حسين الفلاسي","الإمارات العربية المتحدة","           1","           1","مهندس","    65349881","خارج","07OCT24:00:00:00","توجد","           1","           2","           1","           2"
"    24629991","الصحراء لتأجير السيارات","الإمارات العربية المتحدة","           9","          17","رجل أعمال","    57102638","خارج الدولة","29DEC24:00:00:00","لاتوجد","          18","          26","           8","          26"
"    14017413","أحمد الشامسي","الإمارات العربية المتحدة","           0","           1","حارس أمن","    59492845","داخل الدولة","27JAN25:00:00:00","توجد","           0","           1","           1","           1"
"    48534250","سونيل فرناندو","سريلانكا","           0","           3","مذيع","    28961473","خارج الدولة","15MAR26:00:00:00","توجد","           2","           3","           1","           3"
"    53862696","زيشان بت","باكستان","           1","           0","مهندس معماري","    99691500","خارج","29JUN25:00:00:00","لاتوجد","           0","           1","           1","           1"
"     1637114","أحمد الزعابي","الإمارات العربية المتحدة","           0","           1","مهندس مدني","    12440478","داخل","10JUN26:00:00:00","لاتوجد","           0","           1","           1","           1"
"    15782763","أدنوك للتوزيع","الإمارات العربية المتحدة","           5","           1","رجل أعمال","    45376926","داخل","19JUN25:00:00:00","توجد","           3","           6","           3","           6"
"    77413004","رافي سينغ","الهند","           3","           3","فني","    52664956","خارج","12MAR26:00:00:00","توجد","           2","           6","           4","           6"
"       52982","خالد المهيري","الإمارات العربية المتحدة","           3","           2","سائق","    10328349","داخل الدولة","19NOV24:00:00:00","لاتوجد","           4","           5","           1","           5"
"    28105514","بريا فيرما","الهند","           3","           2","طبيب","    59880214","داخل الدولة","17FEB26:00:00:00","لاتوجد","           3","           5","           2","           5"
"    54275206","كاسون فرناندو","سريلانكا","           1","           1","مضيف طيران","    87730475","خارج","11OCT24:00:00:00","لاتوجد","           1","           2","           1","           2"
"    93774941","خالد الكتبي","الإمارات العربية المتحدة","           1","           0","فني أشعة","    17132210","خارج","10MAR24:00:00:00","لاتوجد","           1","           1","           0","           1"
"    70938725","ماجد خليل","السودان","           4","           7","حداد","    78696729","داخل","06MAR24:00:00:00","توجد","           9","          11","           2","          11"
"     4284707","عدنان شيخ","باكستان","           0","           1","صحفي","    66567184","خارج","24MAR26:00:00:00","توجد","           1","           1","           0","           1"
"      119680","عمران مالك","باكستان","           0","           2","طاهي","    22641726","خارج الدولة","09MAY24:00:00:00","لاتوجد","           1","           2","           1","           2"
"    83718432","يوسف السويدي","الإمارات العربية المتحدة","           2","           1","رجل أعمال","    73122964","خارج","14AUG25:00:00:00","لاتوجد","           2","           3","           1","           3"
"    97908298","حمدان القبيسي","الإمارات العربية المتحدة","           2","           1","مستشار","    82032074","داخل الدولة","30JAN24:00:00:00","توجد","           2","           3","           1","           3"
"      404988","عدنان بت","باكستان","           1","           4","مدقق حسابات","    93491194","داخل","07APR26:00:00:00","توجد","           3","           5","           2","           5"
"    14525331","جون أكينو","الفلبين","           5","           1","خياط","    94474257","داخل","14APR26:00:00:00","لاتوجد","           3","           6","           3","           6"
"       76757","النابودة للنقل","الإمارات العربية المتحدة","           6","          11","مقاول","    25866397","خارج","21APR26:00:00:00","لاتوجد","           6","          17","          11","          17"
"    22683074","عبدالله حسن","اليمن","           4","           1","مهندس","    55061007","داخل الدولة","26OCT24:00:00:00","لاتوجد","           3","           5","           2","           5"
"    34533736","علي درويش","مصر","           2","           2","صيدلي","    18837309","داخل","05NOV25:00:00:00","لاتوجد","           3","           4","           1","           4"
"    61509218","رحمن ميا","بنغلاديش","           1","           0","سائق شاحنة","    13821130","خارج الدولة","27MAY25:00:00:00","متوفى","           1","           1","           0","           1"
"      790343","عمران مالك","باكستان","           6","           3","مهندس معماري","    74295451","خارج الدولة","28AUG25:00:00:00","توجد","           4","           9","           5","           9"
"      614519","خالد الكتبي","الإمارات العربية المتحدة","           1","           2","سائق أجرة","    86384549","خارج","20JUN24:00:00:00","توجد","           1","           3","           2","           3"
"    75289538","سونيل جاياواردينا","سريلانكا","           7","           8","منسق","    42469259","خارج الدولة","06SEP24:00:00:00","لاتوجد","           9","          15","           6","          15"
"     1147592","آصف رضا","باكستان","           7","           5","مبرمج","    98488733","خارج الدولة","06APR24:00:00:00","توجد","           3","          12","           9","          12"
"       77529","منصور كمال","مصر","           0","           1","مستشار","    56748102","خارج","22APR25:00:00:00","توجد","           0","           1","           1","           1"
"       59556","راشد كمال","السودان","           3","           6","نجار","    22478323","خارج الدولة","06JAN25:00:00:00","لاتوجد","           6","           9","           3","           9"
"       77117","جيمس ديفيس","الولايات المتحدة","           0","           2","مدير موارد بشرية","    60355118","داخل الدولة","13MAY26:00:00:00","لاتوجد","           0","           2","           2","           2"
"      889406","ديباك ليمبو","نيبال","           0","           1","مترجم","    85539643","داخل","07APR26:00:00:00","لاتوجد","           1","           1","           0","           1"
"    38429751","رحمن علي","بنغلاديش","          10","           6","مشرف","    89390145","خارج الدولة","19FEB24:00:00:00","لاتوجد","          13","          16","           3","          16"
"     1149537","آشا باتيل","الهند","           1","           1","مهندس معماري","    94739429","داخل الدولة","07JAN25:00:00:00","لاتوجد","           1","           2","           1","           2"
"    60847054","عبيد منصور","اليمن","           3","           4","موظف حكومي","    10922413","داخل الدولة","16APR24:00:00:00","توجد","           2","           7","           5","           7"
"    26768845","سانجاي ناير","الهند","           0","           2","مصمم","    50888751","خارج الدولة","23NOV25:00:00:00","توجد","           1","           2","           1","           2"
"      488183","راشد خليل","مصر","           5","           4","عامل توصيل","    23405427","خارج الدولة","25AUG24:00:00:00","لاتوجد","           3","           9","           6","           9"
"     6373650","الخدمات السريعة للتوصيل","الإمارات العربية المتحدة","           0","           4","رجل أعمال","    96009514","خارج","20NOV25:00:00:00","توجد","           2","           4","           2","           4"
"    99795785","سونيل شارما","الهند","           1","           0","مذيع","    71159148","داخل","03JUL25:00:00:00","لاتوجد","           1","           1","           0","           1"
"     5904669","يوسف حداد","مصر","           4","           5","بحار","    91570233","داخل الدولة","27MAY26:00:00:00","توجد","           2","           9","           7","           9"
"    63213596","مايكل راموس","الفلبين","           4","           2","متقاعد","    25768745","داخل الدولة","23JUN25:00:00:00","لاتوجد","           5","           6","           1","           6"
"     8749753","براكاش تابا","نيبال","           4","           4","ممرض","    42724036","داخل","10OCT25:00:00:00","لاتوجد","           2","           8","           6","           8"
"    51269003","سارة السويدي","الإمارات العربية المتحدة","           2","           1","وسيط عقاري","    63784578","داخل","18JAN25:00:00:00","لاتوجد","           1","           3","           2","           3"
"    65640883","رافي مينون","الهند","           1","           0","عامل","    57640389","خارج","24JUN25:00:00:00","توجد","           1","           1","           0","           1"
"     8334179","ناصر درويش","مصر","           1","           1","طيار","    38940458","خارج","27MAR26:00:00:00","لاتوجد","           1","           2","           1","           2"
"    62765459","سلطان البلوشي","الإمارات العربية المتحدة","           1","           3","جندي","    79444063","خارج","09MAR26:00:00:00","لاتوجد","           1","           4","           3","           4"
"    53834170","براكاش تابا","نيبال","           3","           5","موظف بنك","    41495788","داخل الدولة","23AUG24:00:00:00","لاتوجد","           3","           8","           5","           8"
"    98496046","حسن الكتبي","الإمارات العربية المتحدة","           0","           1","ضابط","    46730571","داخل الدولة","02AUG25:00:00:00","متوفى","           0","           1","           1","           1"
"     7365486","راشد كمال","السعودية","           2","           3","مضيف طيران","    59871451","داخل","24SEP25:00:00:00","توجد","           1","           5","           4","           5"
"      417140","علي حبيب","سوريا","           6","          11","سائق شاحنة","    60157334","خارج","03SEP25:00:00:00","لاتوجد","          13","          17","           4","          17"
"    45069643","براكاش كومار","الهند","           5","           7","أخصائي تسويق","    51321565","خارج الدولة","26DEC24:00:00:00","لاتوجد","           6","          12","           6","          12"
"    53560900","أندرو ديفيس","المملكة المتحدة","           4","           9","مدير","    96539481","داخل الدولة","16DEC25:00:00:00","لاتوجد","          10","          13","           3","          13"
"    60978094","ماجد حبيب","عمان","           0","           3","محاسب","    66966898","خارج الدولة","16JAN25:00:00:00","متوفى","           2","           3","           1","           3"
"    10350039","جمعة فهمي","لبنان","           2","           4","أمين مخزن","    61751365","داخل","08JUL25:00:00:00","لاتوجد","           4","           6","           2","           6"
"     5283846","كريشنا تابا","نيبال","           0","           2","كهربائي","    98058935","خارج","22FEB25:00:00:00","توجد","           2","           2","           0","           2"
"    42150776","فيصل شيخ","باكستان","           1","           1","سائق شاحنة","    10732751","خارج الدولة","28NOV25:00:00:00","لاتوجد","           1","           2","           1","           2"
"    33716442","عمر منصور","الأردن","           1","           3","صياد","    83179211","خارج الدولة","04DEC24:00:00:00","توجد","           3","           4","           1","           4"
"      446764","فيصل خان","باكستان","           4","           5","مزارع","    40749650","داخل","22NOV24:00:00:00","لاتوجد","           6","           9","           3","           9"
"    27733653","رحمن شودري","بنغلاديش","           1","           1","مندوب مبيعات","    76937441","داخل الدولة","06MAR26:00:00:00","لاتوجد","           1","           2","           1","           2"
"    11739126","خالد منصور","سوريا","           9","          10","عامل نظافة","    29849932","خارج الدولة","06MAR26:00:00:00","توجد","           4","          19","          15","          19"
"      670151","حسين منصور","مصر","           4","           4","بائع","    52754113","داخل الدولة","08MAY24:00:00:00","لاتوجد","           5","           8","           3","           8"
"      689422","طارق الغافري","الإمارات العربية المتحدة","           1","           1","ممرض","    13380180","خارج الدولة","08DEC25:00:00:00","لاتوجد","           1","           2","           1","           2"
"     1282608","سعيد علي","مصر","           0","           1","أمين مخزن","    32901170","داخل","26JAN24:00:00:00","لاتوجد","           0","           1","           1","           1"
"       22782","ماريا رييس","الفلبين","           4","           1","حلاق","    44055148","خارج","19MAY26:00:00:00","لاتوجد","           1","           5","           4","           5"
"    51672990","سوريش كومار","الهند","           0","           1","أخصائي تسويق","    62828110","خارج","01JAN26:00:00:00","لاتوجد","           0","           1","           1","           1"
"    55291892","سامباث راجاباكسا","سريلانكا","           0","           4","صياد","    44204031","خارج","24MAR24:00:00:00","لاتوجد","           2","           4","           2","           4"
"     2859201","رحمن الدين","بنغلاديش","           0","           1","متقاعد","    17948117","داخل الدولة","17JAN24:00:00:00","لاتوجد","           0","           1","           1","           1"
"     9064811","حسين نصار","سوريا","           6","           3","طبيب أسنان","    32521668","خارج","14AUG24:00:00:00","توجد","           4","           9","           5","           9"
"     4328581","كارلو أكينو","الفلبين","           8","           5","تاجر","    47545262","خارج الدولة","08AUG24:00:00:00","توجد","           5","          13","           8","          13"
"    15050240","فيصل مالك","باكستان","           2","           5","فني أشعة","    84894863","خارج الدولة","12AUG24:00:00:00","لاتوجد","           5","           7","           2","           7"
"     2867446","حمدان صالح","السودان","           2","           5","مشرف","    41938978","خارج الدولة","16APR25:00:00:00","توجد","           5","           7","           2","           7"
"      289340","حسن الغافري","الإمارات العربية المتحدة","           4","           1","صحفي","    25632285","خارج الدولة","12JUL25:00:00:00","لاتوجد","           4","           5","           1","           5"
"    22522406","فيصل مالك","باكستان","           1","           3","سائق شاحنة","    45448021","خارج","23FEB26:00:00:00","لاتوجد","           2","           4","           2","           4"
"       64269","الاتحاد للتجارة ذ.م.م","الإمارات العربية المتحدة","           3","           7","مقاول","    93466440","خارج","27JAN26:00:00:00","لاتوجد","           5","          10","           5","          10"
"    47700515","مزارع العين للنقل","الإمارات العربية المتحدة","           3","           2","مدير مشروع","    39133429","خارج","28OCT24:00:00:00","لاتوجد","           2","           5","           3","           5"
"     2173062","حسن الكعبي","الإمارات العربية المتحدة","           1","           1","وسيط عقاري","    88325593","داخل الدولة","13NOV24:00:00:00","لاتوجد","           1","           2","           1","           2"
"      350646","أحمد زكي","مصر","           1","           0","سباك","    95104284","خارج","25JAN26:00:00:00","لاتوجد","           1","           1","           0","           1"
"     2474240","سوريش ريدي","الهند","           6","           4","فني","    33794261","داخل الدولة","14OCT25:00:00:00","توجد","           2","          10","           8","          10"
"    17860677","كامران بت","باكستان","           3","           3","مبرمج","    92925842","داخل","24JUL24:00:00:00","لاتوجد","           5","           6","           1","           6"
"    16996604","نورة السويدي","الإمارات العربية المتحدة","           0","           1","مزارع","    60029884","خارج","03JUL24:00:00:00","توجد","           0","           1","           1","           1"
"      426931","راجيش شاه","الهند","           1","           1","أمين مخزن","    29416263","خارج","12NOV25:00:00:00","لاتوجد","           1","           2","           1","           2"
"    14821515","مزارع العين للنقل","الإمارات العربية المتحدة","           4","           6","رجل أعمال","    95895394","خارج","14DEC25:00:00:00","لاتوجد","           3","          10","           7","          10"
"     1063106","رحمن ميا","بنغلاديش","           0","           1","صيدلي","    63797129","داخل الدولة","12JUL25:00:00:00","لاتوجد","           0","           1","           1","           1"
"    52243506","براكاش باتيل","الهند","           0","           1","نجار","    43219835","خارج الدولة","07MAR26:00:00:00","لاتوجد","           0","           1","           1","           1"
"     5788604","سارة الظاهري","الإمارات العربية المتحدة","           0","           2","ضابط","    37981719","داخل الدولة","02JUN25:00:00:00","توجد","           1","           2","           1","           2"
"    48337962","لطيفة النعيمي","الإمارات العربية المتحدة","           5","           7","مضيف طيران","    25578030","داخل الدولة","14APR24:00:00:00","توجد","           3","          12","           9","          12"
"    65958522","أميت راو","الهند","           5","           9","أخصائي تسويق","    26122656","داخل","25DEC24:00:00:00","لاتوجد","          11","          14","           3","          14"
"     6181495","راجيش كومار","الهند","           5","           4","عامل","    75002510","داخل","04DEC24:00:00:00","لاتوجد","           5","           9","           4","           9"
"    99703907","جوي سانتوس","الفلبين","           1","           0","بحار","    82796382","خارج الدولة","24OCT24:00:00:00","لاتوجد","           0","           1","           1","           1"
"       58007","زايد الزعابي","الإمارات العربية المتحدة","           1","           1","كهربائي","    19480468","داخل الدولة","29JUN25:00:00:00","لاتوجد","           1","           2","           1","           2"
"      462754","ديباك ناير","الهند","           0","           2","محاسب","    87461284","خارج","05JAN25:00:00:00","لاتوجد","           2","           2","           0","           2"
"       98611","سونيتا داس","الهند","           3","           7","سائق شاحنة","    60657664","خارج الدولة","25SEP24:00:00:00","توجد","           5","          10","           5","          10"
"       58174","كافيتا ناير","الهند","           2","           1","سائق شاحنة","    81997054","خارج","22JUN24:00:00:00","لاتوجد","           1","           3","           2","           3"
"    25075225","بلال إقبال","باكستان","           1","           3","مزارع","    25655698","خارج الدولة","02FEB24:00:00:00","توجد","           2","           4","           2","           4"
"    22085736","أنيل راو","الهند","           7","           5","جندي","    46503233","داخل الدولة","13AUG24:00:00:00","لاتوجد","           9","          12","           3","          12"
"    95674091","سالم الكتبي","الإمارات العربية المتحدة","           1","           0","مهندس","    22205773","خارج","07JUL24:00:00:00","توجد","           0","           1","           1","           1"
"    21701093","حسين صالح","الأردن","           1","           1","مدقق حسابات","    12454549","داخل","25NOV24:00:00:00","لاتوجد","           2","           2","           0","           2"
"    39685018","براكاش ماغار","نيبال","           3","           2","خياط","    61227755","داخل","14NOV25:00:00:00","لاتوجد","           2","           5","           3","           5"
"       85354","وضحة عبدالرحمن","فلسطين","           3","           1","طبيب أسنان","    62272455","داخل","28OCT24:00:00:00","لاتوجد","           3","           4","           1","           4"
"      401865","أنيل غوبتا","الهند","           1","           1","أخصائي مختبر","    20907308","داخل الدولة","11APR24:00:00:00","لاتوجد","           1","           2","           1","           2"
"    61655044","عدنان قريشي","باكستان","           0","           2","سكرتير","    64668716","خارج","01FEB25:00:00:00","توجد","           2","           2","           0","           2"
"    84994393","موزة درويش","مصر","           2","           1","حارس أمن","    24538252","خارج","01JUN25:00:00:00","توجد","           2","           3","           1","           3"
"    30675273","أميت فيرما","الهند","           1","           1","سكرتير","    72597350","خارج الدولة","10DEC24:00:00:00","لاتوجد","           1","           2","           1","           2"
"    84773927","أحمد فهمي","العراق","           0","           2","مهندس","    86066056","داخل الدولة","09FEB24:00:00:00","توجد","           1","           2","           1","           2"
"    57393925","كيران شاه","الهند","           1","           0","صحفي","    12698635","داخل الدولة","24APR25:00:00:00","لاتوجد","           1","           1","           0","           1"
"     6890423","ديباك راو","الهند","           5","           4","أمين مخزن","    92892108","داخل","10FEB25:00:00:00","لاتوجد","           6","           9","           3","           9"
"    60879697","نذرول حسين","بنغلاديش","           2","           2","طاهي","    23135937","داخل","07MAY24:00:00:00","توجد","           1","           4","           3","           4"
"    71114666","راميش فيرما","الهند","           1","           2","مبرمج","    11522009","داخل الدولة","10JUN25:00:00:00","لاتوجد","           2","           3","           1","           3"
"       86594","عبيد الحمادي","الإمارات العربية المتحدة","           3","           6","عامل","    92436877","داخل","14MAY26:00:00:00","لاتوجد","           7","           9","           2","           9"
"    63229650","جمعة عوض","مصر","           2","           0","حارس أمن","    15892376","داخل الدولة","18NOV24:00:00:00","توجد","           0","           2","           2","           2"
"    19257724","موزة علي","مصر","           4","           3","موظف حكومي","    34344712","داخل الدولة","10FEB24:00:00:00","توجد","           4","           7","           3","           7"
"    17315728","راميش فيرما","الهند","          10","          14","مدقق حسابات","    67381089","خارج الدولة","29AUG25:00:00:00","لاتوجد","          13","          24","          11","          24"
"    60842297","إبراهيم المهيري","الإمارات العربية المتحدة","           0","           2","خياط","    86284009","خارج","07FEB26:00:00:00","توجد","           1","           2","           1","           2"
"    65198796","روشان بيريرا","سريلانكا","           2","           2","حارس أمن","    84416531","داخل","07FEB26:00:00:00","لاتوجد","           2","           4","           2","           4"
"      992818","سانجاي شاه","الهند","           1","           1","عامل","    45022176","داخل الدولة","01SEP25:00:00:00","توجد","           2","           2","           0","           2"
"    59088882","مانوج مينون","الهند","           0","           2","مهندس معماري","    87258052","خارج","25JAN26:00:00:00","لاتوجد","           1","           2","           1","           2"
"    74499200","سالم عوض","عمان","           1","           1","طبيب أسنان","    92187180","داخل الدولة","08JUL26:00:00:00","توجد","           1","           2","           1","           2"
"       81307","حصة المري","الإمارات العربية المتحدة","           1","           5","مذيع","    56625322","داخل","10AUG24:00:00:00","لاتوجد","           5","           6","           1","           6"
"       84219","عبيد المزروعي","الإمارات العربية المتحدة","          10","           8","موظف حكومي","    27170337","خارج الدولة","21APR26:00:00:00","لاتوجد","           8","          18","          10","          18"
"      592286","ناصر القبيسي","الإمارات العربية المتحدة","           1","           0","خياط","    21643728","خارج","07JAN25:00:00:00","توجد","           0","           1","           1","           1"
"    85343788","زيشان خان","باكستان","           5","           4","أمين مخزن","    72681929","خارج الدولة","29JAN26:00:00:00","متوفى","           5","           9","           4","           9"
"    75032422","الاتحاد للتجارة ذ.م.م","الإمارات العربية المتحدة","           5","           3","رجل أعمال","    66379013","خارج الدولة","08AUG24:00:00:00","متوفى","           6","           8","           2","           8"
"    21579387","أرون ناير","الهند","           1","           0","مندوب مبيعات","    56742026","داخل","20JUL24:00:00:00","لاتوجد","           0","           1","           1","           1"
"    49192096","فهد علي","مصر","           5","           5","محاسب","    87036681","خارج الدولة","12OCT25:00:00:00","لاتوجد","           6","          10","           4","          10"
"      356227","ديباك ريدي","الهند","           1","           3","مضيف طيران","    10517865","داخل الدولة","05JAN25:00:00:00","لاتوجد","           1","           4","           3","           4"
"    12662989","روشان فرناندو","سريلانكا","           1","           2","حلاق","    97699310","داخل الدولة","02OCT25:00:00:00","توجد","           1","           3","           2","           3"
"    65267466","بلال بت","باكستان","          11","           8","معلم","    89545748","خارج","20SEP24:00:00:00","توجد","          10","          19","           9","          19"
"      332250","خالد حداد","سوريا","           3","           1","خياط","    92665532","خارج الدولة","26OCT24:00:00:00","توجد","           2","           4","           2","           4"
"     1919503","ديفيد تايلور","المملكة المتحدة","           3","           4","بحار","    78964750","خارج الدولة","24JUL25:00:00:00","لاتوجد","           5","           7","           2","           7"
"      653780","عمران بت","باكستان","           1","           4","مهندس","    56078207","خارج","22NOV25:00:00:00","توجد","           2","           5","           3","           5"
"    34565672","كريم إسلام","بنغلاديش","           3","           8","خياط","    64733511","خارج","15JUN24:00:00:00","لاتوجد","           8","          11","           3","          11"
"      863269","غريس باوتيستا","الفلبين","           1","           1","مدقق حسابات","    60785381","داخل الدولة","04JAN25:00:00:00","توجد","           1","           2","           1","           2"
"    35610612","عمر السويدي","الإمارات العربية المتحدة","           0","           1","طبيب أسنان","    71013239","داخل","09JAN26:00:00:00","لاتوجد","           1","           1","           0","           1"
"      326474","منصور الشامسي","الإمارات العربية المتحدة","           2","           0","فني أشعة","    23604587","خارج","15JAN26:00:00:00","لاتوجد","           1","           2","           1","           2"
"       93403","كيران غوبتا","الهند","           1","           0","محلل مالي","    33303030","خارج الدولة","06NOV24:00:00:00","لاتوجد","           1","           1","           0","           1"
"    85623733","سلطان المهيري","الإمارات العربية المتحدة","           4","           7","موظف حكومي","    55500188","داخل","08FEB25:00:00:00","توجد","           4","          11","           7","          11"
"      493598","عبدال علي","بنغلاديش","           3","           4","مهندس كهرباء","    11527252","خارج الدولة","16DEC24:00:00:00","لاتوجد","           3","           7","           4","           7"
"    91470666","رام تامانغ","نيبال","           5","           4","بحار","    21282507","خارج","23JUL26:00:00:00","توجد","           5","           9","           4","           9"
"     9023134","براكاش بيلاي","الهند","           6","           3","سباك","    19766044","داخل","15OCT25:00:00:00","توجد","           3","           9","           6","           9"
"    58444602","مانوج سينغ","الهند","           1","           1","فني","    43194263","خارج","03APR26:00:00:00","لاتوجد","           1","           2","           1","           2"
"    32176425","ناصر عبدالرحمن","مصر","           0","           1","مشرف","    10278893","داخل","02JUL25:00:00:00","توجد","           1","           1","           0","           1"
"    99783031","الصحراء لتأجير السيارات","الإمارات العربية المتحدة","           7","           5","مدير مشروع","    91113884","خارج","19MAR26:00:00:00","لاتوجد","           6","          12","           6","          12"
"     2500921","عمر الظاهري","الإمارات العربية المتحدة","           3","           6","مهندس كهرباء","    95846981","داخل","01MAR26:00:00:00","لاتوجد","           3","           9","           6","           9"
"     6085942","غريس باوتيستا","الفلبين","           0","           2","مدير مشروع","    14472830","خارج الدولة","01MAR25:00:00:00","متوفى","           1","           2","           1","           2"
"    81306212","عدنان قريشي","باكستان","          11","          14","حلاق","    17043033","داخل الدولة","31JAN25:00:00:00","لاتوجد","           8","          25","          17","          25"
"    83255758","بيكرام شريستا","نيبال","           1","           2","طالب","    83259906","خارج","04SEP25:00:00:00","لاتوجد","           2","           3","           1","           3"
"       59667","بلال مالك","باكستان","           9","           3","حداد","    46810791","خارج","13JUN24:00:00:00","توجد","           9","          12","           3","          12"
"    66627850","زيشان رضا","باكستان","           2","           2","متقاعد","    47781801","داخل الدولة","07APR24:00:00:00","متوفى","           2","           4","           2","           4"
"    43763543","عدنان خان","باكستان","           0","           1","معلم","    35956763","خارج","27JUN26:00:00:00","توجد","           1","           1","           0","           1"
"    90580426","سومان شريستا","نيبال","           5","           6","مدير مشروع","    88862106","خارج","23FEB25:00:00:00","لاتوجد","           2","          11","           9","          11"
"      445434","شاهين حسين","بنغلاديش","           1","           0","حداد","    40296019","خارج الدولة","16MAR24:00:00:00","لاتوجد","           1","           1","           0","           1"
"       16342","سارة المزروعي","الإمارات العربية المتحدة","           2","           3","فني","    92408232","خارج","18MAR25:00:00:00","توجد","           2","           5","           3","           5"
"    64466723","محمد تشودري","باكستان","           3","           1","طيار","    15502406","داخل","09MAR24:00:00:00","توجد","           3","           4","           1","           4"
"       96428","براكاش ماغار","نيبال","           2","           1","مهندس كهرباء","    87477262","خارج","22OCT24:00:00:00","توجد","           1","           3","           2","           3"
"    90371410","راجيش ريدي","الهند","          10","           4","سائق","    12309143","داخل","19APR25:00:00:00","توجد","           4","          14","          10","          14"
"    53198209","نورة الحمادي","الإمارات العربية المتحدة","           1","           1","مقاول","    77826353","خارج الدولة","15JUL26:00:00:00","لاتوجد","           1","           2","           1","           2"
"    73660265","موزة النعيمي","الإمارات العربية المتحدة","           2","           3","منسق","    43816922","خارج الدولة","24OCT24:00:00:00","توجد","           2","           5","           3","           5"
"    55330820","طارق الحمادي","الإمارات العربية المتحدة","          21","           4","مترجم","    25037077","خارج الدولة","26DEC24:00:00:00","لاتوجد","           5","          25","          20","          25"
"    53278736","رافي شاه","الهند","           0","           2","رجل أعمال","    72443107","داخل الدولة","09AUG25:00:00:00","توجد","           1","           2","           1","           2"
"    87017181","مزارع العين للنقل","الإمارات العربية المتحدة","           5","           4","مقاول","    14685366","داخل الدولة","17AUG25:00:00:00","لاتوجد","           2","           9","           7","           9"
"      833867","جمعة الغافري","الإمارات العربية المتحدة","          11","           7","مستشار","    80394035","خارج","31OCT24:00:00:00","لاتوجد","          10","          18","           8","          18"
"      559328","سيتي تاكسي ذ.م.م","الإمارات العربية المتحدة","           3","           0","تاجر","    12200424","خارج الدولة","17SEP25:00:00:00","لاتوجد","           2","           3","           1","           3"
"     9959456","آصف تشودري","باكستان","           1","           1","مدير موارد بشرية","    91555275","داخل","20JUL24:00:00:00","لاتوجد","           1","           2","           1","           2"
"      116637","إميلي جونسون","المملكة المتحدة","           5","           4","محامي","    68804061","داخل","30APR25:00:00:00","توجد","           3","           9","           6","           9"
"    45301225","فهد علي","مصر","           2","           4","أمين مخزن","    80396655","خارج","21MAY25:00:00:00","لاتوجد","           3","           6","           3","           6"
"    75431980","سلمى نصار","لبنان","           1","           6","بحار","    19756151","خارج","26JAN26:00:00:00","لاتوجد","           2","           7","           5","           7"
"      905834","موهان سينغ","الهند","           3","           2","مصمم","    86132699","داخل","25SEP25:00:00:00","توجد","           1","           5","           4","           5"
"     3995603","ماجد الكعبي","الإمارات العربية المتحدة","           4","           8","محلل مالي","    77197353","خارج","01JUN24:00:00:00","لاتوجد","           6","          12","           6","          12"
"      705920","الفطيم للخدمات اللوجستية","الإمارات العربية المتحدة","           5","           3","مدير مشروع","    94559117","داخل","01APR25:00:00:00","توجد","           3","           8","           5","           8"
"      741767","توماس ويلسون","المملكة المتحدة","           1","           0","أخصائي تسويق","    83547695","داخل الدولة","30NOV24:00:00:00","توجد","           1","           1","           0","           1"
"       69488","مريم فهمي","سوريا","           0","           1","سكرتير","    63824679","خارج الدولة","08NOV25:00:00:00","توجد","           1","           1","           0","           1"
"    22833278","ماجد المهيري","الإمارات العربية المتحدة","           1","           2","مبرمج","    36952371","خارج","08JAN26:00:00:00","لاتوجد","           2","           3","           1","           3"
"    22336579","رحمن الدين","بنغلاديش","           0","           1","محلل مالي","    62047521","خارج الدولة","13JAN25:00:00:00","لاتوجد","           0","           1","           1","           1"
"     5939018","أحمد الشامسي","الإمارات العربية المتحدة","           0","           1","سكرتير","    62490292","خارج","26MAR26:00:00:00","لاتوجد","           1","           1","           0","           1"
"       33725","هدى المري","الإمارات العربية المتحدة","           6","           5","بحار","    17866497","داخل الدولة","20APR24:00:00:00","لاتوجد","           5","          11","           6","          11"
"    57807907","كمال حسين","بنغلاديش","           6","           6","مزارع","    90292849","خارج الدولة","22FEB25:00:00:00","توجد","           3","          12","           9","          12"
"      312661","جهانغير شودري","بنغلاديش","           4","           9","مهندس كهرباء","    63468867","داخل الدولة","07SEP24:00:00:00","توجد","          10","          13","           3","          13"
"    85757604","خالد القبيسي","الإمارات العربية المتحدة","           1","           2","بحار","    34555230","داخل الدولة","22FEB26:00:00:00","لاتوجد","           2","           3","           1","           3"
"     9964358","ليلى الرميثي","الإمارات العربية المتحدة","           1","           0","بائع","    18742640","داخل","06JUN25:00:00:00","توجد","           0","           1","           1","           1"
"    95736928","جهانغير حسين","بنغلاديش","           3","           9","مقاول","    72506051","داخل الدولة","08JUL26:00:00:00","لاتوجد","           8","          12","           4","          12"
"    42332057","محمد حبيب","عمان","           2","           2","مهندس معماري","    81733930","خارج الدولة","04JUL26:00:00:00","لاتوجد","           1","           4","           3","           4"
"       93169","أحمد فهمي","السودان","           9","          10","ضابط","    24962250","داخل الدولة","03MAY25:00:00:00","لاتوجد","           5","          19","          14","          19"
"    21482618","سونيل آير","الهند","           5","           7","جندي","    89943642","داخل","12NOV25:00:00:00","توجد","           8","          12","           4","          12"
"     5531777","فهد زكي","الأردن","           1","           1","أخصائي تسويق","    59747408","خارج الدولة","28FEB26:00:00:00","لاتوجد","           0","           2","           2","           2"
"    54322249","كيران ريدي","الهند","           0","           1","مبرمج","    40914487","داخل الدولة","07MAY25:00:00:00","متوفى","           1","           1","           0","           1"
"    81817330","كيران غوبتا","الهند","           5","           5","مزارع","    58335584","داخل الدولة","18JUL25:00:00:00","توجد","           4","          10","           6","          10"
"       63012","مارك غارسيا","الفلبين","           0","           3","مترجم","    43980846","خارج الدولة","21JUN24:00:00:00","لاتوجد","           1","           3","           2","           3"
"    52050169","كامران بت","باكستان","           3","           5","بائع","    21876195","خارج الدولة","26SEP25:00:00:00","لاتوجد","           2","           8","           6","           8"
"    65309303","بلال مالك","باكستان","           1","           2","أمين مخزن","    47689974","داخل","10SEP24:00:00:00","لاتوجد","           2","           3","           1","           3"
"    58799541","الاتحاد للتجارة ذ.م.م","الإمارات العربية المتحدة","           7","           8","تاجر","    65155447","داخل الدولة","04MAR26:00:00:00","لاتوجد","           5","          15","          10","          15"
"    33618298","محمد مالك","باكستان","           0","           1","طبيب أسنان","    44989879","خارج الدولة","06JUN24:00:00:00","توجد","           1","           1","           0","           1"
"    85074078","أميت داس","الهند","           2","           1","مصمم","    58922861","خارج الدولة","26JUN25:00:00:00","لاتوجد","           2","           3","           1","           3"
"     1181167","بهادر راي","نيبال","           0","           1","سائق أجرة","    51979355","داخل الدولة","10FEB24:00:00:00","توجد","           0","           1","           1","           1"
"    10349161","جمعة العلي","الإمارات العربية المتحدة","           1","           0","مهندس ميكانيكا","    45970178","داخل الدولة","21MAY25:00:00:00","لاتوجد","           1","           1","           0","           1"
"       20690","جهانغير شودري","بنغلاديش","           5","           1","مستشار","    40907213","خارج الدولة","10APR26:00:00:00","لاتوجد","           3","           6","           3","           6"
"    62001428","آصف شيخ","باكستان","           2","           0","وسيط عقاري","    20313027","داخل الدولة","07APR26:00:00:00","لاتوجد","           1","           2","           1","           2"
"    17447735","منصور إبراهيم","الأردن","          12","           8","مبرمج","    35960235","داخل الدولة","18FEB26:00:00:00","توجد","           8","          20","          12","          20"
"    55608032","سومان تامانغ","نيبال","           2","           2","مزارع","    75898562","خارج الدولة","26JAN24:00:00:00","لاتوجد","           3","           4","           1","           4"
"    23231439","يوسف المنصوري","الإمارات العربية المتحدة","           2","           3","مهندس معماري","    31243301","داخل","16JAN26:00:00:00","توجد","           2","           5","           3","           5"
"    56410950","خالد عوض","مصر","           1","           1","ممرض","    56253550","داخل","14MAR26:00:00:00","توجد","           1","           2","           1","           2"
"    14737096","شركة الأسمنت الوطنية","الإمارات العربية المتحدة","           3","           3","مدير مشروع","    90421880","خارج الدولة","13FEB25:00:00:00","لاتوجد","           2","           6","           4","           6"
"      675409","سوريش راو","الهند","           2","           0","مدير موارد بشرية","    48848335","داخل الدولة","04FEB25:00:00:00","لاتوجد","           1","           2","           1","           2"
"     8242075","ديباك كومار","الهند","           2","           3","فني أشعة","    12138940","خارج","25MAY26:00:00:00","لاتوجد","           2","           5","           3","           5"
"      919871","إبراهيم الرميثي","الإمارات العربية المتحدة","           1","           2","طبيب","    31161477","خارج","10OCT24:00:00:00","لاتوجد","           2","           3","           1","           3"
"      922509","سالم فهمي","مصر","           2","           3","طيار","    36584460","خارج الدولة","04FEB24:00:00:00","لاتوجد","           4","           5","           1","           5"
"    41473404","أنيتا باتيل","الهند","           7","           4","منسق","    50611811","داخل الدولة","18FEB24:00:00:00","توجد","           9","          11","           2","          11"
"      724217","فاروق رحمن","بنغلاديش","           0","           3","جندي","    93980372","داخل الدولة","26OCT25:00:00:00","لاتوجد","           2","           3","           1","           3"
"      282057","خالد نصار","مصر","           2","           0","معلم","    11670966","خارج","13DEC24:00:00:00","توجد","           2","           2","           0","           2"
"       40544","خوسيه ميندوزا","الفلبين","           5","          15","عامل نظافة","    44812972","خارج الدولة","19APR24:00:00:00","لاتوجد","          16","          20","           4","          20"
"    71894375","حصة حبيب","عمان","           5","           3","حداد","    80780700","داخل","01FEB24:00:00:00","لاتوجد","           4","           8","           4","           8"
"      866555","سعيد المنصوري","الإمارات العربية المتحدة","           0","           1","محاسب","    44180391","خارج الدولة","14MAY24:00:00:00","متوفى","           1","           1","           0","           1"
"    99655823","كمال شودري","بنغلاديش","           0","           1","فني","    77249050","خارج الدولة","05FEB25:00:00:00","توجد","           1","           1","           0","           1"
"      354278","آمنة إبراهيم","سوريا","           1","           3","عامل نظافة","    45188349","خارج","29OCT25:00:00:00","لاتوجد","           1","           4","           3","           4"
"    52499059","الخليج لتأجير السيارات","الإمارات العربية المتحدة","           5","           7","مقاول","    88219695","خارج","08MAR26:00:00:00","لاتوجد","           8","          12","           4","          12"
"    59000443","سلمى عبدالرحمن","سوريا","           3","           3","سباك","    47454253","خارج","10DEC25:00:00:00","توجد","           3","           6","           3","           6"
"     1718976","جمعة إبراهيم","فلسطين","           1","           6","سائق أجرة","    99218710","خارج","05AUG25:00:00:00","لاتوجد","           5","           7","           2","           7"
"    78357148","أرون سينغ","الهند","           3","           7","مزارع","    20462578","خارج","22MAR25:00:00:00","توجد","           8","          10","           2","          10"
"    50909103","فاطمة العلي","الإمارات العربية المتحدة","           0","           3","طاهي","    73833073","خارج","15JAN26:00:00:00","لاتوجد","           1","           3","           2","           3"
"    51328624","محمد عوض","لبنان","           9","           2","ممرض","    39844082","خارج الدولة","05FEB24:00:00:00","لاتوجد","           4","          11","           7","          11"
"      276054","موهان كومار","الهند","           3","           3","مهندس ميكانيكا","    63806275","خارج","11JUL24:00:00:00","لاتوجد","           5","           6","           1","           6"
"      183683","راجيش شاه","الهند","           0","           1","خياط","    80070287","داخل الدولة","31MAY26:00:00:00","توجد","           0","           1","           1","           1"
"     4937992","يوسف حبيب","السودان","           1","           1","مدير مشروع","    39102091","خارج الدولة","08AUG24:00:00:00","لاتوجد","           2","           2","           0","           2"
"       66711","فيجاي راو","الهند","           1","           1","محاسب","    40860478","داخل الدولة","20JUL25:00:00:00","لاتوجد","           1","           2","           1","           2"
"    50005691","طارق إبراهيم","سوريا","           2","           1","متقاعد","    48469853","خارج الدولة","27NOV24:00:00:00","توجد","           1","           3","           2","           3"
"       86173","آشا سينغ","الهند","           8","           8","متقاعد","    23463635","خارج الدولة","16DEC24:00:00:00","لاتوجد","           6","          16","          10","          16"
"      786196","كامران شيخ","باكستان","          10","           8","مصمم","    52887979","داخل الدولة","16MAY24:00:00:00","لاتوجد","          12","          18","           6","          18"
"      280126","سانجاي فيرما","الهند","           1","           1","حارس أمن","    17599093","داخل","21FEB26:00:00:00","لاتوجد","           1","           2","           1","           2"
"    69479863","فيصل أحمد","باكستان","           0","           2","مهندس مدني","    83306446","خارج الدولة","13MAR26:00:00:00","توجد","           1","           2","           1","           2"
"       83011","راشد محمود","مصر","          19","          25","عامل","    39569838","داخل","12APR25:00:00:00","لاتوجد","          16","          44","          28","          44"
"      700820","سعيد صالح","فلسطين","           0","           1","مهندس ميكانيكا","    68145704","داخل الدولة","22APR24:00:00:00","توجد","           0","           1","           1","           1"
"    15339880","براكاش تابا","نيبال","           2","           0","سكرتير","    77714131","خارج الدولة","27DEC25:00:00:00","توجد","           1","           2","           1","           2"
"    89508651","جهانغير شودري","بنغلاديش","           2","           4","عامل","    14165274","خارج الدولة","21AUG24:00:00:00","لاتوجد","           3","           6","           3","           6"
"    70276443","جمعة عوض","لبنان","           5","           6","طالب","    52064474","داخل","15MAR26:00:00:00","لاتوجد","           3","          11","           8","          11"
"    95058985","طارق الكتبي","الإمارات العربية المتحدة","           1","           0","مدير","    62833772","خارج الدولة","03SEP25:00:00:00","توجد","           0","           1","           1","           1"
"    50868351","كاسون سيلفا","سريلانكا","           3","           3","وسيط عقاري","    16595572","خارج الدولة","13MAY25:00:00:00","لاتوجد","           4","           6","           2","           6"
"      623560","عثمان إقبال","باكستان","           0","           1","متقاعد","    81990156","خارج الدولة","15JAN24:00:00:00","توجد","           0","           1","           1","           1"
"    93350419","مارك غارسيا","الفلبين","           0","           2","عامل","    91280158","داخل","11DEC24:00:00:00","توجد","           1","           2","           1","           2"
"      100223","بريا شاه","الهند","           0","           3","أمين مخزن","    17963849","داخل الدولة","18MAY25:00:00:00","متوفى","           1","           3","           2","           3"
"     3447708","سعيد نصار","مصر","           3","           3","تاجر","    81739906","خارج الدولة","02APR24:00:00:00","لاتوجد","           2","           6","           4","           6"
"     3594216","فيصل إقبال","باكستان","           8","           7","رجل أعمال","    31240346","داخل","19NOV25:00:00:00","لاتوجد","           7","          15","           8","          15"
"    98253874","الوثبة للتجارة","الإمارات العربية المتحدة","           3","           8","مقاول","    44196840","خارج الدولة","28FEB26:00:00:00","لاتوجد","           7","          11","           4","          11"
"       35759","مارك سانتوس","الفلبين","           0","           2","موظف حكومي","    57195539","خارج","06AUG25:00:00:00","لاتوجد","           1","           2","           1","           2"
"     2612692","براكاش ماغار","نيبال","           1","           0","عامل نظافة","    63575484","خارج","05JAN24:00:00:00","لاتوجد","           1","           1","           0","           1"
"    16768866","موزة النعيمي","الإمارات العربية المتحدة","           6","           3","مقاول","    69316505","خارج","27OCT24:00:00:00","لاتوجد","           3","           9","           6","           9"
"     7576310","سامباث راجاباكسا","سريلانكا","           0","           2","مستشار","    75731541","خارج","14JAN24:00:00:00","توجد","           1","           2","           1","           2"
"    55188523","خوسيه ميندوزا","الفلبين","           2","           1","مدقق حسابات","    45353041","داخل الدولة","10JAN26:00:00:00","توجد","           2","           3","           1","           3"
"    28100694","إبراهيم حسن","فلسطين","           3","           0","رجل أعمال","    26244868","خارج","24FEB24:00:00:00","لاتوجد","           2","           3","           1","           3"
"      709621","علي حبيب","مصر","           2","           1","محلل مالي","    21430874","خارج","19APR24:00:00:00","توجد","           1","           3","           2","           3"
"    73555347","عدنان أحمد","باكستان","           2","           2","عامل توصيل","    94395967","خارج الدولة","16DEC24:00:00:00","لاتوجد","           2","           4","           2","           4"
"    98684771","ريخا سينغ","الهند","           0","           1","كهربائي","    53487644","خارج الدولة","09MAY26:00:00:00","لاتوجد","           1","           1","           0","           1"
"    43446848","سالم كمال","سوريا","           2","           2","مبرمج","    93958249","خارج الدولة","22JUL26:00:00:00","لاتوجد","           3","           4","           1","           4"
"      521256","نذرول شودري","بنغلاديش","           3","           6","محلل مالي","    80168964","خارج الدولة","21JUL25:00:00:00","توجد","           5","           9","           4","           9"
"       70895","علي عبدالرحمن","مصر","           3","           0","موظف بنك","    67292552","خارج الدولة","16FEB25:00:00:00","لاتوجد","           2","           3","           1","           3"
"     9698157","آصف خان","باكستان","           3","           1","بائع","    21177027","خارج","04SEP24:00:00:00","لاتوجد","           1","           4","           3","           4"
"     8833414","عالية الزعابي","الإمارات العربية المتحدة","           2","           6","بحار","    20930603","داخل","18JUL24:00:00:00","لاتوجد","           3","           8","           5","           8"
"    30671934","نذرول ميا","بنغلاديش","           5","           8","معلم","    71690673","داخل","02MAY25:00:00:00","لاتوجد","           5","          13","           8","          13"
"    18251271","محمد رضا","باكستان","           1","           1","محاسب","    94065827","داخل","12JUN25:00:00:00","لاتوجد","           1","           2","           1","           2"
"    13784232","جمعة خليل","مصر","           2","           1","سكرتير","    25340976","خارج","25NOV25:00:00:00","لاتوجد","           2","           3","           1","           3"
"    56004251","راجيش غوبتا","الهند","           0","           2","جندي","    89410044","داخل الدولة","16MAR25:00:00:00","لاتوجد","           0","           2","           2","           2"
"    67968341","أرون شارما","الهند","           1","           1","مدقق حسابات","    13085280","داخل الدولة","02MAR25:00:00:00","توجد","           1","           2","           1","           2"
"    96161508","سلطان حبيب","مصر","           4","           5","حلاق","    73448007","خارج الدولة","18JUL24:00:00:00","لاتوجد","           5","           9","           4","           9"
"       39145","ماجد درويش","فلسطين","           7","           8","مزارع","    64052233","داخل الدولة","15JAN24:00:00:00","لاتوجد","           3","          15","          12","          15"
"    96013153","حسين السويدي","الإمارات العربية المتحدة","           6","           4","مصمم","    80870317","خارج","04MAR25:00:00:00","لاتوجد","           5","          10","           5","          10"
"       13251","سوريش داس","الهند","           1","           0","سائق","    37964368","داخل الدولة","26MAR24:00:00:00","متوفى","           1","           1","           0","           1"
"      849129","عبدالله المهيري","الإمارات العربية المتحدة","           6","           4","مترجم","    84047967","خارج","09MAR26:00:00:00","لاتوجد","           7","          10","           3","          10"
"    41709911","عبدالله النعيمي","الإمارات العربية المتحدة","           2","           3","سباك","    28336432","داخل","31MAR24:00:00:00","لاتوجد","           2","           5","           3","           5"
"      459751","سالم حسن","السعودية","           8","           3","ضابط","    45488919","داخل الدولة","06JUL25:00:00:00","لاتوجد","           4","          11","           7","          11"
"    41740916","شما العلي","الإمارات العربية المتحدة","           8","           9","منسق","    73614558","خارج","04FEB24:00:00:00","توجد","           9","          17","           8","          17"
"    28267713","كيران باتيل","الهند","           4","           5","مهندس معماري","    61056466","خارج","24JAN24:00:00:00","لاتوجد","           3","           9","           6","           9"
"    67776889","خالد العلي","الإمارات العربية المتحدة","           2","           2","محاسب","    17361742","داخل","28JUN26:00:00:00","لاتوجد","           3","           4","           1","           4"
"    10118538","عبيد الرميثي","الإمارات العربية المتحدة","           1","           3","كهربائي","    17384080","داخل","04JAN24:00:00:00","لاتوجد","           2","           4","           2","           4"
"    14294257","سانجاي شاه","الهند","           1","           1","بائع","    33942958","خارج","08MAR24:00:00:00","توجد","           2","           2","           0","           2"
"    98019164","سوريش باتيل","الهند","           0","           1","ممرض","    48441803","خارج الدولة","23JAN25:00:00:00","توجد","           0","           1","           1","           1"
"       44037","خوسيه ميندوزا","الفلبين","           1","           2","خياط","    63270727","خارج الدولة","01JUL24:00:00:00","توجد","           2","           3","           1","           3"
"      544525","سلامة المري","الإمارات العربية المتحدة","           1","           3","أمين مخزن","    75803307","خارج","11NOV24:00:00:00","لاتوجد","           3","           4","           1","           4"
"       81898","رحمن ميا","بنغلاديش","           0","           2","مدقق حسابات","    13344092","خارج","27JAN25:00:00:00","توجد","           1","           2","           1","           2"
"    82953350","أندرو جونسون","الولايات المتحدة","           3","           3","موظف بنك","    84955971","خارج الدولة","24FEB25:00:00:00","لاتوجد","           3","           6","           3","           6"
"     6086939","محمد شيخ","باكستان","           1","           1","معلمة","    92314594","خارج","30JUL24:00:00:00","لاتوجد","           1","           2","           1","           2"
"    91994931","آصف قريشي","باكستان","          12","           7","حداد","    25597143","داخل","13NOV24:00:00:00","لاتوجد","           4","          19","          15","          19"
"      276209","راشد درويش","مصر","           0","           3","صحفي","    14464399","خارج الدولة","30JUN25:00:00:00","لاتوجد","           1","           3","           2","           3"
"    29238905","سالم عوض","سوريا","           1","           2","سائق","    15337939","خارج الدولة","01MAR24:00:00:00","لاتوجد","           1","           3","           2","           3"
"     2185344","نذرول إسلام","بنغلاديش","           3","           1","مدقق حسابات","    65545721","خارج","09OCT25:00:00:00","لاتوجد","           3","           4","           1","           4"
"      345718","ديباك شارما","الهند","           2","           1","أخصائي مختبر","    49673381","داخل","04FEB24:00:00:00","لاتوجد","           2","           3","           1","           3"
"    73996959","نيها مينون","الهند","           8","           0","تاجر","    29086942","داخل الدولة","04MAR25:00:00:00","توجد","           4","           8","           4","           8"
"     5498494","سونيل مينون","الهند","           2","           8","مدقق حسابات","    63029667","خارج","16OCT25:00:00:00","لاتوجد","           6","          10","           4","          10"
"    55665597","كارلو كروز","الفلبين","           1","           1","موظف بنك","    34198494","داخل","04NOV25:00:00:00","لاتوجد","           0","           2","           2","           2"
"    53640910","فاروق الدين","بنغلاديش","           0","           2","طاهي","    94584682","خارج الدولة","01JUN26:00:00:00","لاتوجد","           1","           2","           1","           2"
"     4374166","حسن عوض","العراق","           2","           4","مترجم","    47255575","خارج","02JAN26:00:00:00","لاتوجد","           3","           6","           3","           6"
"    35203587","عثمان تشودري","باكستان","           1","           1","مهندس","    48113474","داخل الدولة","19OCT24:00:00:00","لاتوجد","           1","           2","           1","           2"
"    96143202","أحمد حداد","السودان","           0","           1","مهندس","    57969322","خارج الدولة","10MAR26:00:00:00","لاتوجد","           0","           1","           1","           1"
"       36644","عبيد المري","الإمارات العربية المتحدة","           0","           1","فني أشعة","    21192255","خارج","25APR26:00:00:00","لاتوجد","           0","           1","           1","           1"
"    75757482","جون باوتيستا","الفلبين","           1","           1","أخصائي مختبر","    81536716","خارج الدولة","13FEB25:00:00:00","توجد","           1","           2","           1","           2"
"      624434","فهد منصور","مصر","           0","           2","متقاعد","    91431739","خارج الدولة","07MAY24:00:00:00","توجد","           2","           2","           0","           2"
"    65381138","يوسف نصار","لبنان","           5","           5","حارس أمن","    62152452","داخل","24SEP24:00:00:00","لاتوجد","           4","          10","           6","          10"
"    38813368","رامون راموس","الفلبين","           6","           5","بحار","    56780277","داخل","13NOV25:00:00:00","لاتوجد","           7","          11","           4","          11"
"    96658911","رحمن شودري","بنغلاديش","           8","           3","فني أشعة","    57633340","خارج","04MAY24:00:00:00","لاتوجد","           8","          11","           3","          11"
"       29460","عمر محمود","عمان","           3","           6","مدير مشروع","    90913169","خارج","20JUL26:00:00:00","لاتوجد","           6","           9","           3","           9"
"    58221338","ديبا فيرما","الهند","           4","           1","رجل أعمال","    69793717","خارج الدولة","21AUG24:00:00:00","توجد","           4","           5","           1","           5"
"       59447","فاروق علي","بنغلاديش","           6","           8","مترجم","    99152845","خارج الدولة","03APR26:00:00:00","توجد","           9","          14","           5","          14"
"    45066763","مينا شارما","الهند","           4","           2","أخصائي تسويق","    64148824","داخل الدولة","23SEP25:00:00:00","لاتوجد","           3","           6","           3","           6"
"    54177118","كافيتا راو","الهند","           0","           2","مصمم","    31463820","داخل","02SEP24:00:00:00","لاتوجد","           1","           2","           1","           2"
"    30862026","سلطان المهيري","الإمارات العربية المتحدة","           0","           2","موظف بنك","    48460597","خارج","14MAR26:00:00:00","لاتوجد","           1","           2","           1","           2"
"    83235441","سعيد محمود","مصر","           6","           3","مصمم","    96668809","داخل","11SEP24:00:00:00","لاتوجد","           5","           9","           4","           9"
"    22375311","آصف شيخ","باكستان","           4","           4","مهندس ميكانيكا","    75763641","خارج الدولة","28MAY26:00:00:00","لاتوجد","           4","           8","           4","           8"
"    67306521","شاهين حسين","بنغلاديش","           2","           2","جندي","    65261330","داخل الدولة","18JUN24:00:00:00","لاتوجد","           3","           4","           1","           4"
"      483902","إبراهيم منصور","مصر","           1","           0","مقاول","    19211544","خارج الدولة","04MAY24:00:00:00","لاتوجد","           0","           1","           1","           1"
"      190080","نذرول إسلام","بنغلاديش","           4","           1","مضيف طيران","    74686998","داخل الدولة","05JUL24:00:00:00","لاتوجد","           2","           5","           3","           5"
"       30911","عدنان رضا","باكستان","           3","           0","عامل نظافة","    65412010","خارج الدولة","11JAN24:00:00:00","لاتوجد","           1","           3","           2","           3"
"    85415896","محمد رضا","باكستان","           3","           5","متقاعد","    85969288","داخل الدولة","09OCT24:00:00:00","توجد","           6","           8","           2","           8"
"      586927","نيها آير","الهند","           1","           0","سباك","    12673932","خارج","18DEC24:00:00:00","لاتوجد","           1","           1","           0","           1"
"    43916312","ديباك شريستا","نيبال","           1","           8","أخصائي تسويق","    26786482","داخل","21JUN24:00:00:00","لاتوجد","           3","           9","           6","           9"
"     6534371","راميش باتيل","الهند","           1","           0","سائق أجرة","    54878321","خارج الدولة","13AUG24:00:00:00","توجد","           0","           1","           1","           1"
"     2185357","رامون راموس","الفلبين","           2","           4","موظف حكومي","    83127606","داخل الدولة","15APR24:00:00:00","لاتوجد","           1","           6","           5","           6"
"     2519738","مزارع العين للنقل","الإمارات العربية المتحدة","           6","           6","مقاول","    70185946","خارج الدولة","30NOV24:00:00:00","لاتوجد","           5","          12","           7","          12"
"    33831219","سعيد عوض","لبنان","           3","           0","رجل أعمال","    14892647","داخل الدولة","08DEC25:00:00:00","لاتوجد","           1","           3","           2","           3"
"      302883","الخط الأخضر للباصات","الإمارات العربية المتحدة","           7","           4","مدير مشروع","    49093322","داخل","02MAR25:00:00:00","لاتوجد","           5","          11","           6","          11"
"    92459721","شاهين شودري","بنغلاديش","           2","           1","عامل نظافة","    34045497","داخل","26AUG24:00:00:00","لاتوجد","           2","           3","           1","           3"
"      493165","عمر الظاهري","الإمارات العربية المتحدة","           5","           3","طبيب","    73567531","خارج الدولة","02OCT24:00:00:00","لاتوجد","           5","           8","           3","           8"
"    82724032","عبدالله كمال","الأردن","           6","           7","مضيف طيران","    30342978","خارج","05JAN25:00:00:00","لاتوجد","           6","          13","           7","          13"
"    82505133","سانجاي سينغ","الهند","           1","           0","سائق","    50585206","خارج","25JAN25:00:00:00","لاتوجد","           0","           1","           1","           1"
"      262765","جهانغير شودري","بنغلاديش","           5","           7","عامل توصيل","    94411342","خارج","17JAN24:00:00:00","توجد","           6","          12","           6","          12"
"      572410","مانوج كومار","الهند","           1","           0","حارس أمن","    82757217","داخل","03AUG25:00:00:00","توجد","           0","           1","           1","           1"
"       32050","أنيل ناير","الهند","           7","           6","مهندس ميكانيكا","    74894583","داخل","17JAN25:00:00:00","لاتوجد","           8","          13","           5","          13"
"     6055433","أحمد السويدي","الإمارات العربية المتحدة","           2","          10","تاجر","    46838494","داخل","15JAN26:00:00:00","توجد","           8","          12","           4","          12"
"    56799126","آصف بت","باكستان","           7","           4","مذيع","    43229536","داخل الدولة","14JAN26:00:00:00","لاتوجد","           7","          11","           4","          11"
"    29349584","ناصر صالح","اليمن","           4","           1","مهندس كهرباء","    54074391","داخل الدولة","21MAY26:00:00:00","توجد","           3","           5","           2","           5"
"    45928034","علي الغافري","الإمارات العربية المتحدة","           0","           1","أمين مخزن","    84477864","داخل","04FEB24:00:00:00","توجد","           0","           1","           1","           1"
"       88922","رافي سينغ","الهند","           0","           1","عامل","    33976312","داخل","17JUN26:00:00:00","لاتوجد","           1","           1","           0","           1"
"    36290836","جمعة المنصوري","الإمارات العربية المتحدة","           1","           1","صيدلي","    59413311","داخل الدولة","06DEC25:00:00:00","لاتوجد","           0","           2","           2","           2"
"    77236134","الخط الأخضر للباصات","الإمارات العربية المتحدة","           3","           3","مدير مشروع","    63425706","داخل","11OCT25:00:00:00","توجد","           2","           6","           4","           6"
"       37410","بهادر ماغار","نيبال","           0","           1","حارس أمن","    47301040","خارج","09MAY25:00:00:00","لاتوجد","           0","           1","           1","           1"
"    34267995","الخليج لتأجير السيارات","الإمارات العربية المتحدة","           0","           7","مدير مشروع","    53263055","داخل","15AUG24:00:00:00","لاتوجد","           4","           7","           3","           7"
"    37641652","علي نصار","مصر","           1","           2","سائق","    10159055","خارج","10SEP25:00:00:00","توجد","           2","           3","           1","           3"
"    79178617","نذرول الدين","بنغلاديش","           3","           1","مهندس","    77113850","خارج","01JUL24:00:00:00","توجد","           2","           4","           2","           4"
"     4261091","جمعة محمود","اليمن","           2","           4","مصمم","    69830929","داخل الدولة","21JAN26:00:00:00","توجد","           2","           6","           4","           6"
"     9993740","كمال شودري","بنغلاديش","           1","           0","محامي","    71173027","داخل الدولة","29FEB24:00:00:00","لاتوجد","           0","           1","           1","           1"
"       83956","رافي غوبتا","الهند","           1","           0","محاسب","    34061161","خارج","07MAR24:00:00:00","لاتوجد","           1","           1","           0","           1"
"    23801467","براكاش شريستا","نيبال","           0","           2","موظف حكومي","    42759016","داخل الدولة","16JUN24:00:00:00","توجد","           1","           2","           1","           2"
"     8092871","عمر الفلاسي","الإمارات العربية المتحدة","           4","           3","بحار","    21586826","داخل","17MAR24:00:00:00","توجد","           3","           7","           4","           7"
"      155866","عمران إقبال","باكستان","           7","           5","ممرض","    65028617","خارج","29JUL24:00:00:00","توجد","           8","          12","           4","          12"
"    92832566","شاهين إسلام","بنغلاديش","           1","           1","سائق","    30842481","خارج","11AUG24:00:00:00","لاتوجد","           1","           2","           1","           2"
"    93719924","زايد البلوشي","الإمارات العربية المتحدة","           2","           1","محامي","    44552191","خارج الدولة","20JUL26:00:00:00","توجد","           2","           3","           1","           3"
"      483466","مؤسسة دبي للتاكسي","الإمارات العربية المتحدة","           5","           4","مقاول","    64027257","داخل","01JUN24:00:00:00","لاتوجد","           6","           9","           3","           9"
"       53608","سونيل فرناندو","سريلانكا","           5","           3","مستشار","    21989275","خارج","10FEB25:00:00:00","لاتوجد","           4","           8","           4","           8"
"    11759021","أرون آير","الهند","           3","           7","رجل أعمال","    25000338","داخل","07MAR24:00:00:00","لاتوجد","           3","          10","           7","          10"
"    64545945","أندرو تايلور","الولايات المتحدة","           9","          10","محلل مالي","    71208381","خارج الدولة","26OCT25:00:00:00","لاتوجد","           5","          19","          14","          19"
"    71154504","آصف أحمد","باكستان","           1","           1","مدير","    35921147","داخل الدولة","05AUG24:00:00:00","لاتوجد","           1","           2","           1","           2"
"       28222","فهد فهمي","العراق","           1","           4","صيدلي","    24452609","داخل الدولة","06JUL25:00:00:00","توجد","           4","           5","           1","           5"
"    93142872","ناصر عوض","مصر","           6","          12","مهندس معماري","    37937157","خارج","16MAY26:00:00:00","لاتوجد","           5","          18","          13","          18"
"    65782009","آمنة كمال","السعودية","           1","           4","مدير","    77957937","خارج الدولة","21MAR26:00:00:00","لاتوجد","           3","           5","           2","           5"
"    20385760","نذرول علي","بنغلاديش","           1","           6","طبيب","    81782616","داخل الدولة","01APR26:00:00:00","لاتوجد","           4","           7","           3","           7"
"     4994795","سلطان المهيري","الإمارات العربية المتحدة","           1","           2","مندوب مبيعات","    34717097","داخل الدولة","20JAN26:00:00:00","توجد","           1","           3","           2","           3"
"    51039317","شاهين شودري","بنغلاديش","           5","           4","حارس أمن","    42788022","خارج","13JAN25:00:00:00","توجد","           5","           9","           4","           9"
"      623537","إبراهيم المهيري","الإمارات العربية المتحدة","           0","           1","مذيع","    17423185","خارج","22DEC24:00:00:00","لاتوجد","           1","           1","           0","           1"
"     9829579","براكاش داس","الهند","           2","           0","مصمم","    29065159","خارج الدولة","14NOV24:00:00:00","متوفى","           1","           2","           1","           2"
"      769037","حسين النعيمي","الإمارات العربية المتحدة","           4","          10","منسق","    24070734","داخل الدولة","27APR26:00:00:00","لاتوجد","           3","          14","          11","          14"
"    98905449","هند عبدالرحمن","اليمن","           0","           2","ربة منزل","    14808546","خارج الدولة","09MAR25:00:00:00","لاتوجد","           1","           2","           1","           2"
"      928232","إبراهيم العلي","الإمارات العربية المتحدة","           0","           1","رجل أعمال","    35058521","داخل","27MAR25:00:00:00","لاتوجد","           1","           1","           0","           1"
"    89455035","الوثبة للتجارة","الإمارات العربية المتحدة","           0","           8","مقاول","    82702487","خارج الدولة","01APR24:00:00:00","لاتوجد","           5","           8","           3","           8"
"     6805735","آصف قريشي","باكستان","           0","           2","مضيف طيران","    11518802","خارج","26SEP25:00:00:00","لاتوجد","           1","           2","           1","           2"
"    68357184","حمدان علي","اليمن","           4","           5","مقاول","    64151092","داخل الدولة","28JUN26:00:00:00","لاتوجد","           6","           9","           3","           9"
"      892437","براكاش شاه","الهند","           5","           8","حداد","    27133956","خارج","25APR24:00:00:00","لاتوجد","          10","          13","           3","          13"
"    65321928","محمود الكتبي","الإمارات العربية المتحدة","           8","           3","مهندس كهرباء","    34890085","خارج","09JUN24:00:00:00","توجد","           8","          11","           3","          11"
"     8208915","عمر السويدي","الإمارات العربية المتحدة","           6","           2","صيدلي","    30485530","داخل الدولة","18JUN25:00:00:00","لاتوجد","           6","           8","           2","           8"
"    37700347","سومان ليمبو","نيبال","           1","           1","مهندس كهرباء","    43506732","خارج الدولة","26FEB24:00:00:00","توجد","           1","           2","           1","           2"
"       40907","فيجاي فيرما","الهند","           1","           4","أخصائي مختبر","    43786637","خارج","09DEC25:00:00:00","توجد","           3","           5","           2","           5"
"      507166","محمود حداد","فلسطين","           1","           1","محاسب","    32599568","خارج","15NOV24:00:00:00","توجد","           1","           2","           1","           2"
"    87810906","براكاش شاه","الهند","           2","           0","موظف بنك","    83236450","خارج الدولة","03MAR25:00:00:00","توجد","           1","           2","           1","           2"
"    75843734","يوسف كمال","الأردن","           6","           3","مبرمج","    48738540","داخل الدولة","08APR26:00:00:00","لاتوجد","           4","           9","           5","           9"
"      807920","فيصل رضا","باكستان","           1","           0","وسيط عقاري","    82028100","داخل","25JUL26:00:00:00","توجد","           1","           1","           0","           1"
"     1151114","خالد الحمادي","الإمارات العربية المتحدة","           6","           5","سائق أجرة","    30958301","داخل","10JAN24:00:00:00","لاتوجد","           5","          11","           6","          11"
"     2291429","سعيد المنصوري","الإمارات العربية المتحدة","           1","           1","فني أشعة","    63502972","خارج","04JUL26:00:00:00","لاتوجد","           2","           2","           0","           2"
"       85121","ريم منصور","مصر","           2","           4","حلاق","    64110851","خارج الدولة","25JAN24:00:00:00","لاتوجد","           4","           6","           2","           6"
"     9093422","رام ماغار","نيبال","           5","           6","أمين مخزن","    99903770","داخل الدولة","27JUN24:00:00:00","لاتوجد","           7","          11","           4","          11"
"    76930760","توماس ديفيس","الولايات المتحدة","           1","           0","مدقق حسابات","    85768956","داخل","29JUN24:00:00:00","لاتوجد","           0","           1","           1","           1"
"    80906176","كريم علي","بنغلاديش","           3","           4","بحار","    17388842","خارج الدولة","25JUN24:00:00:00","لاتوجد","           3","           7","           4","           7"
"      430448","مواصلات الإمارات","الإمارات العربية المتحدة","          10","          16","مقاول","    25257349","داخل","11JUL26:00:00:00","توجد","          17","          26","           9","          26"
"       23993","ريم الفلاسي","الإمارات العربية المتحدة","           0","           2","معلم","    86056601","خارج","12JAN24:00:00:00","لاتوجد","           1","           2","           1","           2"
"      775285","يوسف السويدي","الإمارات العربية المتحدة","           7","           2","أخصائي تسويق","    47374915","خارج الدولة","10JUL26:00:00:00","توجد","           6","           9","           3","           9"
"     5652979","عمران مالك","باكستان","           5","           0","بائع","    76942810","داخل الدولة","20JUL26:00:00:00","لاتوجد","           2","           5","           3","           5"
"      437821","آشا فيرما","الهند","           2","           3","صياد","    87889471","داخل","07FEB26:00:00:00","لاتوجد","           2","           5","           3","           5"
"      119839","وضحة علي","فلسطين","           5","           2","مترجم","    53771394","خارج","18MAR24:00:00:00","لاتوجد","           2","           7","           5","           7"
"       94201","محمد تشودري","باكستان","           2","           0","مستشار","    56408094","داخل","14MAY26:00:00:00","لاتوجد","           1","           2","           1","           2"
"    13350738","آصف قريشي","باكستان","          11","           8","موظف حكومي","    42796878","خارج","03DEC25:00:00:00","لاتوجد","           7","          19","          12","          19"
"    26525293","مؤسسة دبي للتاكسي","الإمارات العربية المتحدة","           6","           8","مقاول","    13427811","خارج","26OCT25:00:00:00","لاتوجد","           4","          14","          10","          14"
"    31426497","راشد زكي","السودان","          12","           3","مدير مشروع","    73573784","خارج","23MAR24:00:00:00","توجد","           7","          15","           8","          15"
"    48539335","جمعة محمود","لبنان","           4","           5","معلم","    79157513","خارج","12FEB25:00:00:00","توجد","           2","           9","           7","           9"
"       54606","كيران راو","الهند","           2","           2","مشرف","    68535370","داخل","21FEB24:00:00:00","لاتوجد","           2","           4","           2","           4"
"      483166","حمدان المري","الإمارات العربية المتحدة","           1","           4","مدير","    67281223","داخل","31MAY26:00:00:00","لاتوجد","           2","           5","           3","           5"
"      211935","كاسون جاياواردينا","سريلانكا","           0","           1","مهندس ميكانيكا","    85908187","داخل","29APR26:00:00:00","توجد","           0","           1","           1","           1"
"     8887156","منصور السويدي","الإمارات العربية المتحدة","           1","           1","مدير مشروع","    97379573","داخل الدولة","24AUG25:00:00:00","لاتوجد","           1","           2","           1","           2"
"      362157","منصور المنصوري","الإمارات العربية المتحدة","           2","           1","معلم","    20232513","داخل الدولة","11SEP25:00:00:00","لاتوجد","           1","           3","           2","           3"
"     4674479","حسن المزروعي","الإمارات العربية المتحدة","           6","           8","سائق شاحنة","    44967429","داخل الدولة","10AUG25:00:00:00","لاتوجد","           7","          14","           7","          14"
"    27320404","فاروق حسين","بنغلاديش","           5","           8","مزارع","    63495511","خارج الدولة","19JAN25:00:00:00","توجد","           4","          13","           9","          13"
"      888543","عبدال شودري","بنغلاديش","           9","           3","مدير مشروع","    75984552","خارج","26JUN24:00:00:00","لاتوجد","           4","          12","           8","          12"
"    55168089","بوجا شارما","الهند","           1","           1","طبيب","    13983125","داخل","09MAR24:00:00:00","لاتوجد","           1","           2","           1","           2"
"    61177074","سالم البلوشي","الإمارات العربية المتحدة","           3","           0","صياد","    11420361","داخل الدولة","17JAN24:00:00:00","لاتوجد","           1","           3","           2","           3"
"    19212545","رافي آير","الهند","           2","           1","بحار","    47765075","خارج","02JUL25:00:00:00","توجد","           1","           3","           2","           3"
"    28070544","ريخا ريدي","الهند","           5","          11","ربة منزل","    72590535","خارج","31MAY25:00:00:00","لاتوجد","           4","          16","          12","          16"
"      871082","يوسف منصور","لبنان","           1","           2","مقاول","    79005967","خارج الدولة","27JUL25:00:00:00","لاتوجد","           2","           3","           1","           3"
"    71884764","الصقر للمعدات الثقيلة","الإمارات العربية المتحدة","           7","           5","رجل أعمال","    44429353","داخل","30MAY26:00:00:00","لاتوجد","           8","          12","           4","          12"
"      458419","النابودة للنقل","الإمارات العربية المتحدة","           5","           1","مدير مشروع","    86551822","داخل","16JAN26:00:00:00","توجد","           4","           6","           2","           6"
"    59926604","جون ميندوزا","الفلبين","           1","           1","طبيب أسنان","    48600553","خارج","22MAY25:00:00:00","توجد","           1","           2","           1","           2"
"     4852846","مايكل رييس","الفلبين","           0","           1","مستشار","    47969894","داخل","20JUN24:00:00:00","لاتوجد","           1","           1","           0","           1"
"    78325908","آمنة منصور","مصر","           3","           3","مشرف","    83830304","خارج الدولة","01JUL25:00:00:00","لاتوجد","           3","           6","           3","           6"
"    86506383","ري أكينو","الفلبين","           3","           0","طاهي","    62520089","داخل الدولة","08OCT25:00:00:00","لاتوجد","           1","           3","           2","           3"
"    75656340","أنيتا بيلاي","الهند","           0","           1","أخصائي مختبر","    31401295","داخل الدولة","11MAY25:00:00:00","توجد","           1","           1","           0","           1"
"      644583","عبدالله درويش","اليمن","           0","           1","وسيط عقاري","    53194921","خارج الدولة","07JUN25:00:00:00","لاتوجد","           0","           1","           1","           1"
"    40117862","عدنان خان","باكستان","          10","           8","عامل","    41061716","داخل","23APR25:00:00:00","لاتوجد","           9","          18","           9","          18"
"    90207793","ديباك فيرما","الهند","           1","           0","حداد","    22558090","خارج","26MAR24:00:00:00","لاتوجد","           1","           1","           0","           1"
"     5011580","زايد زكي","العراق","           3","           5","صيدلي","    43005550","خارج الدولة","09DEC24:00:00:00","لاتوجد","           4","           8","           4","           8"
"    72930122","محمد صالح","مصر","           2","           1","فني","    68893404","داخل الدولة","26AUG25:00:00:00","لاتوجد","           2","           3","           1","           3"
"    47166935","عمران بت","باكستان","          12","           4","فني أشعة","    75587135","داخل","26FEB24:00:00:00","لاتوجد","          11","          16","           5","          16"
"     4997094","جون غارسيا","الفلبين","           1","           0","مصمم","    72019054","خارج الدولة","25NOV24:00:00:00","لاتوجد","           0","           1","           1","           1"
"    74996709","وسيم إقبال","باكستان","           0","           1","حلاق","    66702248","داخل","01JUN26:00:00:00","لاتوجد","           0","           1","           1","           1"
"    62352423","إبراهيم المنصوري","الإمارات العربية المتحدة","           0","           1","مشرف","    47902071","داخل الدولة","03NOV24:00:00:00","لاتوجد","           1","           1","           0","           1"
"    50302810","أميت آير","الهند","           0","           1","حداد","    20489093","داخل الدولة","01JUL26:00:00:00","لاتوجد","           0","           1","           1","           1"
"    33043383","محمد تشودري","باكستان","           5","           0","مهندس","    54568440","داخل الدولة","07OCT24:00:00:00","توجد","           2","           5","           3","           5"
"    69109333","فاروق علي","بنغلاديش","           2","           1","معلم","    38569669","داخل","28OCT24:00:00:00","لاتوجد","           2","           3","           1","           3"
"    85204782","أرون غوبتا","الهند","           5","           2","حلاق","    67541894","خارج","06MAR25:00:00:00","لاتوجد","           4","           7","           3","           7"
"    37153239","سلطان نصار","لبنان","           1","           1","مقاول","    13650056","داخل","27NOV25:00:00:00","لاتوجد","           0","           2","           2","           2"
"    73578371","عدنان خان","باكستان","           0","           1","مهندس معماري","    29859238","داخل الدولة","12JUL25:00:00:00","لاتوجد","           0","           1","           1","           1"
"    38564286","محمد رضا","باكستان","           1","           0","حلاق","    49765520","داخل الدولة","06JUL26:00:00:00","لاتوجد","           0","           1","           1","           1"
"    77542602","خالد نصار","مصر","           3","           5","حلاق","    75621090","داخل","14JAN26:00:00:00","توجد","           3","           8","           5","           8"
"      224831","زيشان مالك","باكستان","           1","           0","مترجم","    30867741","خارج","26JAN25:00:00:00","لاتوجد","           1","           1","           0","           1"
"    56287425","عائشة حسن","مصر","           0","           2","عامل","    17931169","خارج الدولة","11FEB24:00:00:00","توجد","           1","           2","           1","           2"
"     6362201","أحمد صالح","لبنان","           5","           3","مهندس ميكانيكا","    49836756","داخل الدولة","29MAR25:00:00:00","توجد","           5","           8","           3","           8"
"     4447546","حسن درويش","مصر","           0","           1","منسق","    95769094","خارج","11MAR26:00:00:00","توجد","           1","           1","           0","           1"
"    26611903","فاروق حسين","بنغلاديش","           3","           5","مهندس ميكانيكا","    10508540","داخل","23MAR26:00:00:00","لاتوجد","           4","           8","           4","           8"
"      214281","أميت داس","الهند","           4","           7","ضابط","    74113071","داخل","21APR25:00:00:00","توجد","           3","          11","           8","          11"
"       81583","محمود نصار","مصر","           1","           0","صيدلي","    67269289","داخل الدولة","02MAY25:00:00:00","توجد","           1","           1","           0","           1"
"    40596637","سعيد محمود","السودان","           2","           4","طالب","    82690299","خارج الدولة","10JAN24:00:00:00","توجد","           2","           6","           4","           6"
"    59069936","عبدالله درويش","الأردن","           5","           3","مهندس","    84847253","خارج","24JUN25:00:00:00","لاتوجد","           3","           8","           5","           8"
"     9270076","آصف رضا","باكستان","           1","           1","كهربائي","    45890984","داخل","26FEB24:00:00:00","توجد","           1","           2","           1","           2"
"    70169286","عبدالله عبدالرحمن","مصر","           0","           2","تاجر","    79565449","خارج","11MAR25:00:00:00","لاتوجد","           0","           2","           2","           2"
"       41111","يوسف القبيسي","الإمارات العربية المتحدة","           3","           6","عامل توصيل","    65896356","داخل","11JAN24:00:00:00","توجد","           3","           9","           6","           9"
"    14356952","أنيل شارما","الهند","           2","           0","حارس أمن","    69448499","داخل","05OCT25:00:00:00","لاتوجد","           1","           2","           1","           2"
"      982111","محمد أحمد","باكستان","           1","           0","سائق شاحنة","    22354633","خارج الدولة","13MAR25:00:00:00","لاتوجد","           1","           1","           0","           1"
"      715575","شركة الأسمنت الوطنية","الإمارات العربية المتحدة","           7","           2","مدير مشروع","    32517185","خارج الدولة","03AUG25:00:00:00","لاتوجد","           5","           9","           4","           9"
"    24677941","محمد شيخ","باكستان","           1","           1","مصمم","    93616862","داخل","01MAY25:00:00:00","توجد","           0","           2","           2","           2"
"      347054","سوريش شارما","الهند","           0","           1","مدير مشروع","    99398631","داخل","25MAR25:00:00:00","توجد","           0","           1","           1","           1"
"    96200923","أميت شارما","الهند","           7","           4","أمين مخزن","    76967609","داخل","06JAN24:00:00:00","لاتوجد","           8","          11","           3","          11"
"    71557435","شاهين علي","بنغلاديش","           0","           2","مدير موارد بشرية","    11737530","داخل الدولة","03JUN26:00:00:00","لاتوجد","           1","           2","           1","           2"
"    59522499","حسين كمال","مصر","           0","           1","صحفي","    64954744","خارج الدولة","27APR24:00:00:00","توجد","           1","           1","           0","           1"
"      844875","جمعة السويدي","الإمارات العربية المتحدة","           4","           3","محامي","    77223478","خارج","01OCT25:00:00:00","توجد","           5","           7","           2","           7"
"    36750122","عمران رضا","باكستان","           2","           5","فني","    13594195","خارج الدولة","16MAY26:00:00:00","لاتوجد","           5","           7","           2","           7"
"    38005954","منى كمال","سوريا","           1","           1","أخصائي مختبر","    49865444","داخل الدولة","27MAY25:00:00:00","لاتوجد","           0","           2","           2","           2"
"       56145","منصور الشامسي","الإمارات العربية المتحدة","           0","           1","حارس أمن","    92569642","داخل","17AUG24:00:00:00","توجد","           1","           1","           0","           1"
"    62806252","كريستينا ميندوزا","الفلبين","           0","           1","مضيف طيران","    59288409","داخل","11JUL26:00:00:00","توجد","           0","           1","           1","           1"
"      883487","زايد محمود","الأردن","           0","           2","حارس أمن","    63077497","خارج الدولة","19AUG24:00:00:00","توجد","           2","           2","           0","           2"
"    82764931","كامران رضا","باكستان","           2","           1","مشرف","    82700593","خارج","08MAR24:00:00:00","توجد","           2","           3","           1","           3"
"    19263986","سارة فهمي","السودان","           2","           0","وسيط عقاري","    45663825","داخل","18JAN26:00:00:00","لاتوجد","           1","           2","           1","           2"
"    82189229","زيشان قريشي","باكستان","           1","           2","ممرض","    82584024","داخل الدولة","31MAR26:00:00:00","توجد","           1","           3","           2","           3"
"       89168","عبيد المزروعي","الإمارات العربية المتحدة","           1","           0","مدير","    33606073","خارج الدولة","22NOV25:00:00:00","لاتوجد","           1","           1","           0","           1"
"    35066048","سعيد محمود","لبنان","           4","           6","وسيط عقاري","    70887960","داخل","29MAR24:00:00:00","لاتوجد","           5","          10","           5","          10"
"    75358833","زيشان قريشي","باكستان","           5","           6","خياط","    76426596","داخل الدولة","25JUL25:00:00:00","لاتوجد","           6","          11","           5","          11"
"    11855908","راميش شارما","الهند","           4","           6","طيار","    40548719","خارج الدولة","21FEB24:00:00:00","توجد","           5","          10","           5","          10"
"     9191545","كريشنا شريستا","نيبال","           4","           8","بحار","    62586141","خارج الدولة","01JUN26:00:00:00","لاتوجد","           4","          12","           8","          12"
"    54551051","ماريا راموس","الفلبين","           0","           3","ممرض","    54353853","داخل","26JUL24:00:00:00","لاتوجد","           1","           3","           2","           3"
"    73217871","راميش بيلاي","الهند","           8","           7","نجار","    44241634","داخل","02APR26:00:00:00","لاتوجد","           3","          15","          12","          15"
"      427724","آشا سينغ","الهند","           1","           4","حلاق","    47663082","خارج الدولة","19DEC24:00:00:00","لاتوجد","           1","           5","           4","           5"
"    21257613","كمال رحمن","بنغلاديش","           0","           3","موظف بنك","    52924531","داخل الدولة","24FEB24:00:00:00","توجد","           1","           3","           2","           3"
"    65539272","رافي سينغ","الهند","           7","           9","مدير موارد بشرية","    64782252","خارج الدولة","10APR26:00:00:00","لاتوجد","          12","          16","           4","          16"
"    36873597","آشا شارما","الهند","           1","           0","رجل أعمال","    65511858","خارج الدولة","13MAR25:00:00:00","لاتوجد","           1","           1","           0","           1"
"    66013795","كريم ميا","بنغلاديش","           2","           3","صيدلي","    99176433","خارج","29NOV25:00:00:00","لاتوجد","           1","           5","           4","           5"
"       23506","حسين إبراهيم","مصر","           3","           0","سائق أجرة","    78595532","داخل الدولة","29SEP24:00:00:00","لاتوجد","           1","           3","           2","           3"
"    69451249","عمر نصار","اليمن","           0","           1","مزارع","    29566716","داخل الدولة","12MAY24:00:00:00","توجد","           0","           1","           1","           1"
"    66846642","نورة المزروعي","الإمارات العربية المتحدة","          13","          18","أمين مخزن","    31474673","داخل الدولة","11AUG24:00:00:00","توجد","          18","          31","          13","          31"
"    80434768","مانوج غوبتا","الهند","           4","           3","صيدلي","    86157056","داخل","27NOV24:00:00:00","لاتوجد","           3","           7","           4","           7"
"    43994528","موهان ريدي","الهند","           7","           2","ممرض","    60176769","خارج الدولة","28SEP25:00:00:00","توجد","           6","           9","           3","           9"
"    53176240","الواحة للخدمات اللوجستية","الإمارات العربية المتحدة","           3","           6","مقاول","    11594683","خارج","11APR26:00:00:00","توجد","           2","           9","           7","           9"
"    21579401","عدنان خان","باكستان","           4","           0","صياد","    52836040","خارج","07FEB25:00:00:00","لاتوجد","           3","           4","           1","           4"
"     6851712","سلمى درويش","مصر","           6","           5","طاهي","    54734062","داخل الدولة","09DEC25:00:00:00","لاتوجد","           8","          11","           3","          11"
"    46392434","وضحة حسن","الأردن","           2","           1","موظف حكومي","    50017426","داخل الدولة","07JAN25:00:00:00","لاتوجد","           2","           3","           1","           3"
"    75172848","مانوج داس","الهند","           0","           1","طالب","    51217825","خارج الدولة","18FEB24:00:00:00","لاتوجد","           1","           1","           0","           1"
"      540367","زايد العلي","الإمارات العربية المتحدة","           1","           3","مضيف طيران","    95990638","خارج","15MAR25:00:00:00","لاتوجد","           1","           4","           3","           4"
"     5435845","مريم حبيب","العراق","           2","           2","طيار","    97927366","خارج","07DEC24:00:00:00","توجد","           3","           4","           1","           4"
"    49456736","نيها راو","الهند","           4","           1","صحفي","    83479259","داخل","07FEB24:00:00:00","لاتوجد","           2","           5","           3","           5"
"    36909953","فيجاي فيرما","الهند","           4","           4","موظف بنك","    96472007","خارج الدولة","04OCT25:00:00:00","لاتوجد","           6","           8","           2","           8"
"    32240761","منصور الغافري","الإمارات العربية المتحدة","           6","          12","مبرمج","    88893050","داخل","30JAN26:00:00:00","لاتوجد","           8","          18","          10","          18"
"    33116781","وسيم رضا","باكستان","           0","           1","أخصائي تسويق","    73378114","داخل","08OCT24:00:00:00","توجد","           1","           1","           0","           1"
"     7192877","راميش آير","الهند","           1","           2","مضيف طيران","    60795845","داخل الدولة","01MAY24:00:00:00","لاتوجد","           2","           3","           1","           3"
"    79436501","زايد عوض","مصر","           2","           1","متقاعد","    51119694","داخل الدولة","08AUG25:00:00:00","لاتوجد","           1","           3","           2","           3"
"    35208721","سومان غورونغ","نيبال","           2","           0","مندوب مبيعات","    69172797","داخل الدولة","23JAN25:00:00:00","توجد","           0","           2","           2","           2"
"    66340951","دانيال جونسون","الولايات المتحدة","           4","           0","مندوب مبيعات","    30573377","خارج","15MAR25:00:00:00","لاتوجد","           2","           4","           2","           4"
"    48546794","الصحراء لتأجير السيارات","الإمارات العربية المتحدة","           8","           7","مدير مشروع","    61956979","خارج","15AUG24:00:00:00","لاتوجد","           5","          15","          10","          15"
"     2081331","الخدمات السريعة للتوصيل","الإمارات العربية المتحدة","           3","           3","مقاول","    77714458","خارج","24JUL24:00:00:00","توجد","           5","           6","           1","           6"
"    96856098","عمران إقبال","باكستان","           2","           0","سكرتير","    87636314","داخل الدولة","25FEB25:00:00:00","لاتوجد","           1","           2","           1","           2"
"    64327246","عالية السويدي","الإمارات العربية المتحدة","           5","           3","أخصائي تسويق","    96393185","داخل","05OCT24:00:00:00","لاتوجد","           5","           8","           3","           8"
"      547049","مانوج شاه","الهند","           0","           4","فني أشعة","    44050994","داخل الدولة","10OCT24:00:00:00","لاتوجد","           2","           4","           2","           4"
"    13431525","ليلى حسن","الأردن","           4","           4","رجل أعمال","    60915412","داخل","23FEB24:00:00:00","توجد","           3","           8","           5","           8"
"       86730","راميش سينغ","الهند","           3","           1","معلم","    30083854","داخل","04JUL26:00:00:00","توجد","           2","           4","           2","           4"
"      155275","ديباك باتيل","الهند","           0","           1","طبيب أسنان","    35990022","خارج الدولة","28MAY24:00:00:00","لاتوجد","           0","           1","           1","           1"
"    54019670","مؤسسة دبي للتاكسي","الإمارات العربية المتحدة","           5","           9","مدير مشروع","    94742307","خارج","18MAR26:00:00:00","توجد","          10","          14","           4","          14"
"     9577709","ديباك راي","نيبال","           1","           0","مشرف","    32991080","داخل","04SEP24:00:00:00","توجد","           1","           1","           0","           1"
"      795241","لطيفة المري","الإمارات العربية المتحدة","           1","           2","عامل","    48938530","خارج الدولة","05SEP25:00:00:00","لاتوجد","           2","           3","           1","           3"
"    46021413","رافي ناير","الهند","           0","           2","موظف بنك","    68251873","خارج","13JUN25:00:00:00","لاتوجد","           1","           2","           1","           2"
"    93844657","مارك ميندوزا","الفلبين","           3","           6","نجار","    20366532","داخل الدولة","21APR26:00:00:00","لاتوجد","           3","           9","           6","           9"
"    17613568","كيران داس","الهند","           1","           1","محلل مالي","    11492408","داخل","02JUL26:00:00:00","لاتوجد","           1","           2","           1","           2"
"    31712268","كارلو غارسيا","الفلبين","           4","           5","فني أشعة","    32208770","خارج الدولة","16MAR26:00:00:00","توجد","           6","           9","           3","           9"
"    29599451","سلامة إبراهيم","مصر","           1","           2","فني","    83708162","خارج الدولة","09MAY24:00:00:00","لاتوجد","           2","           3","           1","           3"
"    97164813","بلال مالك","باكستان","           5","           3","مدير مشروع","    94068484","خارج","27FEB26:00:00:00","توجد","           4","           8","           4","           8"
"     8936994","الواحة للخدمات اللوجستية","الإمارات العربية المتحدة","           4","           2","رجل أعمال","    61673843","داخل الدولة","26NOV24:00:00:00","لاتوجد","           3","           6","           3","           6"
"     9913575","كمال الدين","بنغلاديش","           3","           0","طبيب أسنان","    72092043","خارج","04AUG24:00:00:00","لاتوجد","           2","           3","           1","           3"
"    60864423","هند العلي","الإمارات العربية المتحدة","           0","           1","عامل نظافة","    72241418","خارج الدولة","13AUG25:00:00:00","توجد","           1","           1","           0","           1"
"     5026882","مواصلات الإمارات","الإمارات العربية المتحدة","           5","           4","مقاول","    51786828","داخل","10OCT25:00:00:00","لاتوجد","           3","           9","           6","           9"
"      638497","مارك كروز","الفلبين","           0","           1","صياد","    13979967","خارج الدولة","09APR24:00:00:00","متوفى","           1","           1","           0","           1"
"     9209570","فاروق علي","بنغلاديش","           6","           6","موظف بنك","    93518187","خارج الدولة","09JAN24:00:00:00","لاتوجد","           6","          12","           6","          12"
"    32796582","سيتي تاكسي ذ.م.م","الإمارات العربية المتحدة","           6","           5","رجل أعمال","    37791206","خارج الدولة","29JUL24:00:00:00","لاتوجد","           9","          11","           2","          11"
"     6041607","رحمن ميا","بنغلاديش","           2","           4","سباك","    66131083","خارج الدولة","01SEP25:00:00:00","لاتوجد","           3","           6","           3","           6"
"    52555409","كافيتا شاه","الهند","           0","           2","عامل توصيل","    21901777","خارج","17MAR25:00:00:00","لاتوجد","           1","           2","           1","           2"
"     6372912","براكاش ماغار","نيبال","           1","           0","نجار","    16209492","داخل","08APR26:00:00:00","لاتوجد","           1","           1","           0","           1"
"      237527","عبدالله عبدالرحمن","الأردن","           0","           1","أخصائي تسويق","    15660204","داخل الدولة","04JUL26:00:00:00","لاتوجد","           1","           1","           0","           1"
"      745269","سارة الرميثي","الإمارات العربية المتحدة","           5","           5","تاجر","    42822306","خارج الدولة","17JAN25:00:00:00","لاتوجد","           6","          10","           4","          10"
"      206757","عثمان خان","باكستان","           8","           5","أخصائي مختبر","    22986109","داخل","02MAY25:00:00:00","لاتوجد","           5","          13","           8","          13"
"    99495468","عمر الكعبي","الإمارات العربية المتحدة","           0","           5","مذيع","    76826644","داخل الدولة","27MAR26:00:00:00","لاتوجد","           3","           5","           2","           5"
"     7907200","أنجيلو رييس","الفلبين","           1","           1","محلل مالي","    85714269","خارج الدولة","28JAN25:00:00:00","لاتوجد","           1","           2","           1","           2"
"    91004194","سارة نصار","مصر","           6","           6","مهندس كهرباء","    43270284","داخل الدولة","11JUL26:00:00:00","متوفى","           9","          12","           3","          12"
"    80558807","عالية حبيب","عمان","           3","           5","وسيط عقاري","    54050438","داخل","30OCT25:00:00:00","لاتوجد","           2","           8","           6","           8"
"     4322129","مانوج ريدي","الهند","           1","           1","متقاعد","    37799458","داخل","28FEB26:00:00:00","لاتوجد","           1","           2","           1","           2"
"      744834","ديبا ناير","الهند","          13","          14","مدير مشروع","    16183673","داخل الدولة","29JAN25:00:00:00","لاتوجد","          17","          27","          10","          27"
"    15102685","عمر حداد","السودان","           0","           2","موظف حكومي","    89700959","داخل الدولة","23NOV24:00:00:00","لاتوجد","           1","           2","           1","           2"
"    76909748","حسن المري","الإمارات العربية المتحدة","           1","           2","عامل توصيل","    34365224","خارج الدولة","29APR26:00:00:00","توجد","           2","           3","           1","           3"
"    50246161","آمنة صالح","الأردن","           1","           1","مدير موارد بشرية","    18904049","داخل","10FEB26:00:00:00","لاتوجد","           1","           2","           1","           2"
"    71553730","ريخا بيلاي","الهند","           3","           1","عامل","    32728944","داخل","10MAR26:00:00:00","توجد","           3","           4","           1","           4"
"    83207363","حسن حسن","الأردن","           2","           2","وسيط عقاري","    18094408","داخل الدولة","22MAR24:00:00:00","توجد","           3","           4","           1","           4"
"    86513785","وسيم بت","باكستان","           1","           1","حلاق","    81402129","خارج الدولة","06JUN26:00:00:00","توجد","           0","           2","           2","           2"
"    70744111","فاروق إسلام","بنغلاديش","           0","           1","سائق","    40565170","داخل الدولة","26FEB24:00:00:00","توجد","           0","           1","           1","           1"
"      547810","موزة عوض","عمان","           6","           5","موظف حكومي","    61263216","داخل الدولة","12JAN26:00:00:00","لاتوجد","           7","          11","           4","          11"
"    67168472","أرون فيرما","الهند","           0","           1","صياد","    40738063","داخل الدولة","02MAR25:00:00:00","لاتوجد","           1","           1","           0","           1"
"      519999","سانجاي راو","الهند","           0","           1","مهندس","    74147450","خارج الدولة","01APR24:00:00:00","لاتوجد","           1","           1","           0","           1"
"       22749","فاروق حسين","بنغلاديش","           2","           0","مصمم","    54461710","داخل الدولة","11JAN24:00:00:00","لاتوجد","           1","           2","           1","           2"
"      251810","ناصر عبدالرحمن","سوريا","           1","           0","مهندس ميكانيكا","    92331132","خارج الدولة","30MAY26:00:00:00","لاتوجد","           1","           1","           0","           1"
"     1375616","حسن فهمي","السودان","           1","           0","حلاق","    76033507","داخل الدولة","31AUG25:00:00:00","توجد","           1","           1","           0","           1"
"    18175018","فيصل قريشي","باكستان","          16","          18","عامل توصيل","    52285819","داخل","10MAY25:00:00:00","لاتوجد","          24","          34","          10","          34"
"       52937","ماجد إبراهيم","مصر","           6","           5","جندي","    69247054","داخل","23JAN25:00:00:00","لاتوجد","           8","          11","           3","          11"
"    24081623","عبيد الرميثي","الإمارات العربية المتحدة","           1","           0","سائق","    23395828","داخل الدولة","14AUG25:00:00:00","لاتوجد","           1","           1","           0","           1"
"     2231717","علي النعيمي","الإمارات العربية المتحدة","           2","           3","موظف بنك","    78973521","داخل الدولة","05AUG24:00:00:00","لاتوجد","           1","           5","           4","           5"
"    66363166","راميش بيلاي","الهند","           4","           4","محامي","    35821437","داخل","12MAR24:00:00:00","لاتوجد","           6","           8","           2","           8"
"    96580779","حسن السويدي","الإمارات العربية المتحدة","           4","           0","مهندس ميكانيكا","    55678492","خارج الدولة","17APR26:00:00:00","متوفى","           2","           4","           2","           4"
"    77519137","ماجد السويدي","الإمارات العربية المتحدة","           5","           6","طيار","    27122513","خارج الدولة","19OCT24:00:00:00","لاتوجد","           6","          11","           5","          11"
"    52086340","نذرول الدين","بنغلاديش","           4","           5","مدير موارد بشرية","    89556807","داخل","03DEC24:00:00:00","لاتوجد","           3","           9","           6","           9"
"    23256210","أرون راو","الهند","           3","           3","مصمم","    73892888","داخل الدولة","09AUG25:00:00:00","متوفى","           4","           6","           2","           6"
"    54738603","رافي شارما","الهند","           5","           6","مترجم","    58334996","خارج","09JUN24:00:00:00","لاتوجد","           8","          11","           3","          11"
"       94016","جمعة نصار","سوريا","           2","           4","موظف حكومي","    41328524","خارج","23MAR26:00:00:00","لاتوجد","           3","           6","           3","           6"
"     5289003","سوريش داس","الهند","           1","           1","أخصائي تسويق","    97685409","داخل","21APR24:00:00:00","توجد","           1","           2","           1","           2"
"    22763607","ريم عوض","فلسطين","           0","           1","مذيع","    11194421","داخل الدولة","29MAR25:00:00:00","توجد","           0","           1","           1","           1"
"    71829176","كاسون راجاباكسا","سريلانكا","           1","           0","عامل","    56971372","خارج","11JUN25:00:00:00","لاتوجد","           1","           1","           0","           1"
"     3310106","زيشان قريشي","باكستان","           0","           5","سباك","    95623896","خارج الدولة","13APR26:00:00:00","توجد","           2","           5","           3","           5"
"     1577478","آشا كومار","الهند","           5","           2","عامل نظافة","    68931294","داخل","15JUN25:00:00:00","لاتوجد","           5","           7","           2","           7"
"     9332350","أميت آير","الهند","           0","           1","مبرمج","    34469041","داخل","13OCT24:00:00:00","توجد","           1","           1","           0","           1"
"       41162","بلال بت","باكستان","           0","           1","صيدلي","    13640033","خارج","12MAY26:00:00:00","لاتوجد","           0","           1","           1","           1"
"    10229428","رامون سانتوس","الفلبين","           9","           7","مهندس كهرباء","    32435001","خارج الدولة","13MAR26:00:00:00","لاتوجد","           9","          16","           7","          16"
"    12728024","محمود الرميثي","الإمارات العربية المتحدة","           2","           0","حلاق","    34348459","داخل","16MAR24:00:00:00","توجد","           1","           2","           1","           2"
"    70352728","حمدان علي","الأردن","           8","           9","موظف بنك","    45203105","خارج الدولة","11APR26:00:00:00","توجد","           4","          17","          13","          17"
"     5113318","كمال الدين","بنغلاديش","           1","           0","مهندس","    41756312","داخل الدولة","17MAR24:00:00:00","لاتوجد","           1","           1","           0","           1"
"    13925117","ناصر المنصوري","الإمارات العربية المتحدة","           1","           0","مصمم","    18948635","داخل الدولة","05JAN26:00:00:00","لاتوجد","           1","           1","           0","           1"
"     7193787","عالية الكتبي","الإمارات العربية المتحدة","           7","           2","طبيب أسنان","    62794442","خارج الدولة","19FEB24:00:00:00","لاتوجد","           4","           9","           5","           9"
"      223350","الواحة للخدمات اللوجستية","الإمارات العربية المتحدة","          19","          11","مدير مشروع","    60268893","خارج","21DEC24:00:00:00","لاتوجد","          21","          30","           9","          30"
"    71902135","محمد رضا","باكستان","           5","           4","مهندس ميكانيكا","    93889092","داخل الدولة","09JUN26:00:00:00","متوفى","           5","           9","           4","           9"
"    52023528","شاهين شودري","بنغلاديش","           7","           6","مستشار","    75820218","داخل الدولة","01MAY24:00:00:00","توجد","           3","          13","          10","          13"
"    46275437","رامون ميندوزا","الفلبين","           3","           2","مدقق حسابات","    69138111","داخل الدولة","20MAY24:00:00:00","لاتوجد","           2","           5","           3","           5"
"      771765","سارة إبراهيم","العراق","           1","           2","طبيب أسنان","    85947557","داخل الدولة","13OCT24:00:00:00","متوفى","           1","           3","           2","           3"
"    85098931","ديباك باتيل","الهند","           2","           2","طاهي","    36247638","خارج الدولة","16JAN25:00:00:00","توجد","           2","           4","           2","           4"
"    14981556","أميت غوبتا","الهند","           3","           8","مزارع","    44020576","خارج","06JUL24:00:00:00","توجد","           6","          11","           5","          11"
"     8529288","ماجد الفلاسي","الإمارات العربية المتحدة","           1","           2","حارس أمن","    53445055","داخل","25OCT24:00:00:00","لاتوجد","           2","           3","           1","           3"
"     4014176","آشا باتيل","الهند","           1","           9","سائق أجرة","    18703208","داخل","14FEB25:00:00:00","لاتوجد","           7","          10","           3","          10"
"      939649","جون راموس","الفلبين","           4","           5","أخصائي مختبر","    65643184","داخل","18MAR26:00:00:00","لاتوجد","           3","           9","           6","           9"
"      379523","سونيتا باتيل","الهند","           0","           1","محلل مالي","    91008668","داخل","17MAR25:00:00:00","لاتوجد","           1","           1","           0","           1"
"    86885942","يوسف الزعابي","الإمارات العربية المتحدة","           2","           0","منسق","    54615137","داخل الدولة","29JUN24:00:00:00","لاتوجد","           1","           2","           1","           2"
"       22163","الفطيم للخدمات اللوجستية","الإمارات العربية المتحدة","           6","           8","رجل أعمال","    22333768","خارج الدولة","07FEB25:00:00:00","لاتوجد","           3","          14","          11","          14"
"      443125","سالم الغافري","الإمارات العربية المتحدة","           1","           0","مصمم","    79498513","داخل الدولة","27JAN24:00:00:00","لاتوجد","           1","           1","           0","           1"
"    34111167","بلال شيخ","باكستان","           0","           2","سائق شاحنة","    11848049","داخل","25JUN25:00:00:00","توجد","           1","           2","           1","           2"
"      946149","محمود الكتبي","الإمارات العربية المتحدة","           2","           2","مندوب مبيعات","    70343567","داخل","11AUG25:00:00:00","لاتوجد","           3","           4","           1","           4"
"     2248326","بريا داس","الهند","           1","           1","مهندس","    55548868","داخل","15SEP25:00:00:00","لاتوجد","           1","           2","           1","           2"
"    36235921","فهد علي","فلسطين","           2","           0","مهندس ميكانيكا","    26344252","خارج الدولة","06JUL24:00:00:00","توجد","           1","           2","           1","           2"
"      919726","يوسف خليل","مصر","           0","           1","مدير","    81778075","خارج","02FEB26:00:00:00","لاتوجد","           0","           1","           1","           1"
"    81612291","آصف أحمد","باكستان","           2","           0","مشرف","    89799936","داخل الدولة","24AUG24:00:00:00","توجد","           1","           2","           1","           2"
"    10050499","راجيش بيلاي","الهند","           1","           1","حلاق","    95298134","داخل","24NOV25:00:00:00","لاتوجد","           1","           2","           1","           2"
"    99265887","منى الشامسي","الإمارات العربية المتحدة","           7","           1","جندي","    49756933","داخل","02JUN25:00:00:00","توجد","           4","           8","           4","           8"
"    88074752","منصور السويدي","الإمارات العربية المتحدة","           2","           6","سباك","    63445123","خارج","09JUN26:00:00:00","لاتوجد","           4","           8","           4","           8"
"       38988","فهد العلي","الإمارات العربية المتحدة","           3","           4","سكرتير","    14495245","خارج","20JUN26:00:00:00","لاتوجد","           4","           7","           3","           7"
"    52480334","عمر علي","الأردن","           2","           2","أمين مخزن","    50532981","داخل الدولة","17AUG25:00:00:00","لاتوجد","           1","           4","           3","           4"
"    43322434","أدنوك للتوزيع","الإمارات العربية المتحدة","           5","           3","مقاول","    32276580","خارج","25MAR26:00:00:00","لاتوجد","           3","           8","           5","           8"
"      658774","وضحة علي","مصر","           4","           2","موظف بنك","    86463406","داخل","12MAR26:00:00:00","لاتوجد","           2","           6","           4","           6"
"    31822401","حسن الزعابي","الإمارات العربية المتحدة","           3","           6","مترجم","    82059741","داخل الدولة","15AUG25:00:00:00","لاتوجد","           6","           9","           3","           9"
"    61876742","ليلى كمال","مصر","           2","           2","مقاول","    40692301","خارج","18JUL26:00:00:00","توجد","           2","           4","           2","           4"
"     7570487","سونيتا غوبتا","الهند","           0","           2","صيدلي","    92095016","داخل الدولة","13APR24:00:00:00","لاتوجد","           2","           2","           0","           2"
"    44301879","موهان سينغ","الهند","           1","           0","حارس أمن","    16071131","خارج الدولة","06DEC25:00:00:00","لاتوجد","           1","           1","           0","           1"
"      212089","موهان ناير","الهند","           2","           1","مبرمج","    74369864","خارج","06JUN25:00:00:00","توجد","           1","           3","           2","           3"
"    55379676","سوريش راو","الهند","           2","           1","مستشار","    30282514","خارج","23JUL25:00:00:00","لاتوجد","           1","           3","           2","           3"
"    41053670","كيران ناير","الهند","           0","           1","بائع","    74696596","خارج","15DEC24:00:00:00","لاتوجد","           0","           1","           1","           1"
"    36825221","عثمان قريشي","باكستان","           2","           2","مشرف","    93991079","خارج الدولة","12AUG24:00:00:00","لاتوجد","           2","           4","           2","           4"
"    24052324","يوسف المهيري","الإمارات العربية المتحدة","           3","           0","طبيب أسنان","    31129009","داخل الدولة","24JUN24:00:00:00","توجد","           1","           3","           2","           3"
"    36293582","فيصل أحمد","باكستان","           9","           8","طالب","    22410046","خارج الدولة","05APR25:00:00:00","لاتوجد","          10","          17","           7","          17"
"       45761","بهادر راي","نيبال","           5","           5","مهندس معماري","    82049816","داخل","24JUN26:00:00:00","لاتوجد","           5","          10","           5","          10"
"    80685487","هدى محمود","العراق","           2","           2","أخصائي مختبر","    12298233","داخل الدولة","18DEC25:00:00:00","توجد","           1","           4","           3","           4"
"    19077860","المسار السريع لتأجير السيارات","الإمارات العربية المتحدة","           8","          11","رجل أعمال","    78028821","داخل الدولة","16MAY25:00:00:00","متوفى","           8","          19","          11","          19"
"      878923","عائشة حسن","سوريا","           0","           1","وسيط عقاري","    71696439","خارج","16SEP24:00:00:00","توجد","           1","           1","           0","           1"
"    96916842","علي فهمي","سوريا","           1","           2","مهندس ميكانيكا","    16305098","داخل الدولة","13JUL26:00:00:00","لاتوجد","           1","           3","           2","           3"
"      949371","كامران خان","باكستان","           6","           6","نجار","    85553373","خارج الدولة","03AUG25:00:00:00","توجد","           8","          12","           4","          12"
"      803682","توماس ميلر","المملكة المتحدة","           3","           1","صيدلي","    94438393","خارج الدولة","17APR25:00:00:00","متوفى","           2","           4","           2","           4"
"      234530","رافي مينون","الهند","           6","           7","طالب","    96022403","خارج الدولة","12DEC25:00:00:00","توجد","           5","          13","           8","          13"
"     8002542","جهانغير حسين","بنغلاديش","          10","           3","فني","    93993696","خارج الدولة","03MAY26:00:00:00","لاتوجد","           6","          13","           7","          13"
"    33948686","محمد مالك","باكستان","          14","           9","وسيط عقاري","    72116229","خارج","11OCT24:00:00:00","توجد","           7","          23","          16","          23"
"    49944565","راشد الغافري","الإمارات العربية المتحدة","           3","           4","مهندس كهرباء","    84363312","خارج","08FEB26:00:00:00","توجد","           5","           7","           2","           7"
"      568967","كيران ناير","الهند","           9","          10","بائع","    40494912","خارج الدولة","02JUL26:00:00:00","لاتوجد","           6","          19","          13","          19"
"    33936117","سلامة منصور","العراق","           5","           3","بحار","    25764646","خارج","08JAN25:00:00:00","توجد","           3","           8","           5","           8"
"    98542792","عمر السويدي","الإمارات العربية المتحدة","           4","           0","عامل نظافة","    94733149","خارج الدولة","28SEP24:00:00:00","لاتوجد","           3","           4","           1","           4"
"    69949689","أنيل باتيل","الهند","           0","           2","مندوب مبيعات","    73529389","داخل","18APR25:00:00:00","لاتوجد","           1","           2","           1","           2"
"    71063232","ماجد درويش","السعودية","           4","           3","صحفي","    47101592","خارج الدولة","20APR26:00:00:00","توجد","           5","           7","           2","           7"
"    21119618","الاتحاد للتجارة ذ.م.م","الإمارات العربية المتحدة","           2","           3","مقاول","    36598940","داخل","26NOV25:00:00:00","توجد","           1","           5","           4","           5"
"    59653409","منصور محمود","فلسطين","           3","           1","مقاول","    66731787","داخل الدولة","27JUL25:00:00:00","لاتوجد","           1","           4","           3","           4"
"      363011","حمدان السويدي","الإمارات العربية المتحدة","           2","           2","موظف حكومي","    86187080","داخل","04DEC24:00:00:00","توجد","           3","           4","           1","           4"
"    54771503","عبدالله إبراهيم","اليمن","           1","           0","مندوب مبيعات","    30129305","داخل","06JUL25:00:00:00","لاتوجد","           1","           1","           0","           1"
"     4366477","آصف أحمد","باكستان","           5","           7","عامل توصيل","    25104694","داخل","26MAR25:00:00:00","لاتوجد","           4","          12","           8","          12"
"     1634491","عدنان بت","باكستان","           0","           2","مدير موارد بشرية","    76145041","داخل","11FEB25:00:00:00","لاتوجد","           1","           2","           1","           2"
"    81050220","رافي ناير","الهند","           1","           5","مدير","    25155483","داخل","08MAY25:00:00:00","لاتوجد","           2","           6","           4","           6"